Workbook

Sheet 入力仕様
A1: 項目 | B1: 入力規則 | C1: 仕様備考等 | D1: 入力ヒント（赤字）
A2: ID | B2: 半角英数 | C2: 数字10桁
A3: 登録情報 | B3: 半角英数 | D3: 変更なし=1 変更あり=2
A4: 郵便番号 | B4: 半角英数 | D4: ハイフンなし7桁
A5: 都道府県 | B5: 全角 | C5: 郵便番号を入力した場合、自動検索 フォーカス移動時、英数記号を半角化
A6: 市区町村 | B6: 全角 | C6: 郵便番号を入力した場合、自動検索 フォーカス移動時、英数記号を半角化
A7: 町域番地 | B7: 全角 | C7: 郵便番号を入力した場合、自動検索 フォーカス移動時、英数記号を半角化
A8: 建物 | B8: 全角 | C8: フォーカス移動時、英数記号を半角化
A9: 氏名かな | B9: 全角 | D9: ひらがな スペースあり | E9: 2025/5/12修正
A10: 氏名 | B10: 全角 | D10: スペースあり | E10: 2025/5/12修正
A11: 電話番号 | B11: 半角英数 | C11: 数字10桁～11桁 | D11: ハイフンなし
A12: 防災カルタ | B12: 半角英数 | D12: 申し込む=1 不要=2
A13: 404:薬剤式トイレ | B13: 半角英数 | D13: 数量を入力（薬剤式トイレ） | E13: 2025/5/12修正
A14: 225:備蓄ランタン | B14: 半角英数 | D14: 数量を入力（備蓄ランタン） | E14: 2025/5/12修正
A15: 512:彩り主食 | B15: 半角英数 | D15: 数量を入力（彩り主食） | E15: 2025/5/12修正
A16: 411&415:全身きれい | B16: 半角英数 | D16: 数量を入力（全身きれい・歯みがき） | E16: 2025/5/12修正
A17: 画像名 | C17: 画像名を自動記録（PDF）

Sheet 変換前のテーブル
A1: index | B1: display_name | C1: data_type | D1: label_name | E1: line_edit_name | F1: is_last | G1: line_edit_obj | H1: ime_mode | I1: pn_auto_input | J1: text_conversion | K1: label_obj | L1: frame_a_obj | M1: frame_a_name | N1: frame_b_obj | O1: frame_b_name | P1: layout_a_name | Q1: layout_a_obj | R1: layout_b_name | S1: layout_b_obj | T1: info | U1: is_rept | V1: is_show | W1: list_item | X1: name | Y1: replace_keys | Z1: replace_values | AA1: is_b_line_show | AB1: length | AC1: min_max | AD1: re | AE1: remarks | BK1: index | BL1: list | BM1: conv | BN1: min | BO1: max | BP1: inli_text | BQ1: list2 | BR1: list2_ | BS1: min_ | BT1: max_ | BU1: min_max
A2: =ROW()-2 -> 0 | B2: =SUBSTITUTE(変換前のテーブル[[#This Row],[name]],"：",":")&":" -> ID: | C2: hankaku-eisu-kuromaru_lenjust | D2: ="label_"&変換前のテーブル[[#This Row],[index]]&"_" -> label_0_ | E2: ="lineEdit_"&変換前のテーブル[[#This Row],[index]]&"_" -> lineEdit_0_ | F2: {=_xlfn.IFS(ROW()-1=1,-1,ROW()-1=ROWS(変換前のテーブル[index]),1,TRUE,0)} -> -1 | H2: en | I2: null | M2: ="frame_"&INT((ROW()-2) / 3)&"_" -> frame_0_ | O2: ="frame__"&変換前のテーブル[[#This Row],[index]]&"__" -> frame__0__ | P2: ="horizontalLayout_"&INT((ROW()-2) / 3)&"_" -> horizontalLayout_0_ | R2: ="horizontalLayout__"&変換前のテーブル[[#This Row],[index]]&"__" -> horizontalLayout__0__ | T2: ID: 数字10桁 | U2: False | V2: True | X2: ID | AB2: 10 | BK2: 0 | BL2: =変換前のテーブル[[#This Row],[list_item]] & "" | BM2: =SUBSTITUTE(SUBSTITUTE(SUBSTITUTE(_参照テーブル[[#This Row],[list]], "'", ""),"[", ""), "]", "") | BN2: {=MIN(VALUE(_xlfn.TEXTSPLIT(_参照テーブル[[#This Row],[conv]], ", ")))} -> #VALUE! | BO2: {=MAX(VALUE(_xlfn.TEXTSPLIT(_参照テーブル[[#This Row],[conv]], ", ")))} -> #VALUE! | BP2: =IFERROR("("&_参照テーブル[[#This Row],[min]]&"～"&_参照テーブル[[#This Row],[max]]&")","") | BQ2: =変換前のテーブル[[#This Row],[min_max]] -> 0 | BR2: =SUBSTITUTE(SUBSTITUTE(_参照テーブル[[#This Row],[list2]],"[",""),"]","") -> 0 | BS2: {=_xlfn.CHOOSECOLS(_xlfn.TEXTSPLIT(_参照テーブル[[#This Row],[list2_]],","),1)} -> 0 | BT2: {=_xlfn.CHOOSECOLS(_xlfn.TEXTSPLIT(_参照テーブル[[#This Row],[list2_]],","),2)} -> #VALUE! | BU2: =IFERROR("("&_参照テーブル[[#This Row],[min_]]&"～"&_参照テーブル[[#This Row],[max_]]&")", "")
A3: =ROW()-2 -> 1 | B3: =SUBSTITUTE(変換前のテーブル[[#This Row],[name]],"：",":")&":" -> 登録情報: | C3: hankaku-eisu-kuromaru | D3: ="label_"&変換前のテーブル[[#This Row],[index]]&"_" -> label_1_ | E3: ="lineEdit_"&変換前のテーブル[[#This Row],[index]]&"_" -> lineEdit_1_ | F3: {=_xlfn.IFS(ROW()-1=1,-1,ROW()-1=ROWS(変換前のテーブル[index]),1,TRUE,0)} -> 0 | H3: en | I3: null | M3: ="frame_"&INT((ROW()-2) / 3)&"_" -> frame_0_ | O3: ="frame__"&変換前のテーブル[[#This Row],[index]]&"__" -> frame__1__ | P3: ="horizontalLayout_"&INT((ROW()-2) / 3)&"_" -> horizontalLayout_0_ | R3: ="horizontalLayout__"&変換前のテーブル[[#This Row],[index]]&"__" -> horizontalLayout__1__ | T3: 登録情報: 変更なし=1 変更あり=2 | U3: False | V3: True | X3: 登録情報 | BK3: =BK2+1 -> 1 | BL3: =変換前のテーブル[[#This Row],[list_item]] & "" | BM3: =SUBSTITUTE(SUBSTITUTE(SUBSTITUTE(_参照テーブル[[#This Row],[list]], "'", ""),"[", ""), "]", "") | BN3: {=MIN(VALUE(_xlfn.TEXTSPLIT(_参照テーブル[[#This Row],[conv]], ", ")))} -> #VALUE! | BO3: {=MAX(VALUE(_xlfn.TEXTSPLIT(_参照テーブル[[#This Row],[conv]], ", ")))} -> #VALUE! | BP3: =IFERROR("("&_参照テーブル[[#This Row],[min]]&"～"&_参照テーブル[[#This Row],[max]]&")","") | BQ3: =変換前のテーブル[[#This Row],[min_max]] -> 0 | BR3: =SUBSTITUTE(SUBSTITUTE(_参照テーブル[[#This Row],[list2]],"[",""),"]","") -> 0 | BS3: {=_xlfn.CHOOSECOLS(_xlfn.TEXTSPLIT(_参照テーブル[[#This Row],[list2_]],","),1)} -> 0 | BT3: {=_xlfn.CHOOSECOLS(_xlfn.TEXTSPLIT(_参照テーブル[[#This Row],[list2_]],","),2)} -> #VALUE! | BU3: =IFERROR("("&_参照テーブル[[#This Row],[min_]]&"～"&_参照テーブル[[#This Row],[max_]]&")", "")
A4: =ROW()-2 -> 2 | B4: =SUBSTITUTE(変換前のテーブル[[#This Row],[name]],"：",":")&":" -> 郵便番号: | C4: hankaku-eisu-kuromaru | D4: ="label_"&変換前のテーブル[[#This Row],[index]]&"_" -> label_2_ | E4: ="lineEdit_"&変換前のテーブル[[#This Row],[index]]&"_" -> lineEdit_2_ | F4: {=_xlfn.IFS(ROW()-1=1,-1,ROW()-1=ROWS(変換前のテーブル[index]),1,TRUE,0)} -> 0 | H4: en | I4: postnum | J4: han | M4: ="frame_"&INT((ROW()-2) / 3)&"_" -> frame_0_ | O4: ="frame__"&変換前のテーブル[[#This Row],[index]]&"__" -> frame__2__ | P4: horizontalLayout_1_ | R4: ="horizontalLayout__"&変換前のテーブル[[#This Row],[index]]&"__" -> horizontalLayout__2__ | T4: 郵便番号: ハイフンなし7桁 | U4: False | V4: True | X4: 郵便番号 | AA4: True | BK4: =BK3+1 -> 2 | BL4: =変換前のテーブル[[#This Row],[list_item]] & "" | BM4: =SUBSTITUTE(SUBSTITUTE(SUBSTITUTE(_参照テーブル[[#This Row],[list]], "'", ""),"[", ""), "]", "") | BN4: {=MIN(VALUE(_xlfn.TEXTSPLIT(_参照テーブル[[#This Row],[conv]], ", ")))} -> #VALUE! | BO4: {=MAX(VALUE(_xlfn.TEXTSPLIT(_参照テーブル[[#This Row],[conv]], ", ")))} -> #VALUE! | BP4: =IFERROR("("&_参照テーブル[[#This Row],[min]]&"～"&_参照テーブル[[#This Row],[max]]&")","") | BQ4: =変換前のテーブル[[#This Row],[min_max]] -> 0 | BR4: =SUBSTITUTE(SUBSTITUTE(_参照テーブル[[#This Row],[list2]],"[",""),"]","") -> 0 | BS4: {=_xlfn.CHOOSECOLS(_xlfn.TEXTSPLIT(_参照テーブル[[#This Row],[list2_]],","),1)} -> 0 | BT4: {=_xlfn.CHOOSECOLS(_xlfn.TEXTSPLIT(_参照テーブル[[#This Row],[list2_]],","),2)} -> #VALUE! | BU4: =IFERROR("("&_参照テーブル[[#This Row],[min_]]&"～"&_参照テーブル[[#This Row],[max_]]&")", "")
A5: =ROW()-2 -> 3 | B5: =SUBSTITUTE(変換前のテーブル[[#This Row],[name]],"：",":")&":" -> 都道府県: | C5: str | D5: ="label_"&変換前のテーブル[[#This Row],[index]]&"_" -> label_3_ | E5: ="lineEdit_"&変換前のテーブル[[#This Row],[index]]&"_" -> lineEdit_3_ | F5: {=_xlfn.IFS(ROW()-1=1,-1,ROW()-1=ROWS(変換前のテーブル[index]),1,TRUE,0)} -> 0 | H5: jp | I5: pref | J5: han-ans | M5: ="frame_"&INT((ROW()-2) / 3)&"_" -> frame_1_ | O5: ="frame__"&変換前のテーブル[[#This Row],[index]]&"__" -> frame__3__ | P5: ="horizontalLayout_"&INT((ROW()-2) / 3)&"_" -> horizontalLayout_1_ | R5: ="horizontalLayout__"&変換前のテーブル[[#This Row],[index]]&"__" -> horizontalLayout__3__ | T5: =_xlfn.LET( _xlpm._maxlentext, IF(変換前のテーブル[[#This Row],[length]]="", "", " (桁数:" & SUBSTITUTE(SUBSTITUTE(変換前のテーブル[[#This Row],[length]],"[",""),"]","") & ")"), _xlpm._result, 変換前のテーブル[[#This Row],[name]]&": "&_xlfn.XLOOKUP(変換前のテーブル[[#This Row],[data_type]],_TypeInfo[type],_TypeInfo[info], "") & _参照テーブル[[#This Row],[inli_text]] & _xlpm._maxlentext & _参照テーブル[[#This Row],[min_max]], _xlpm._result ) -> 都道府県: | U5: False | V5: True | X5: 都道府県 | BK5: =BK4+1 -> 3 | BL5: =変換前のテーブル[[#This Row],[list_item]] & "" | BM5: =SUBSTITUTE(SUBSTITUTE(SUBSTITUTE(_参照テーブル[[#This Row],[list]], "'", ""),"[", ""), "]", "") | BN5: {=MIN(VALUE(_xlfn.TEXTSPLIT(_参照テーブル[[#This Row],[conv]], ", ")))} -> #VALUE! | BO5: {=MAX(VALUE(_xlfn.TEXTSPLIT(_参照テーブル[[#This Row],[conv]], ", ")))} -> #VALUE! | BP5: =IFERROR("("&_参照テーブル[[#This Row],[min]]&"～"&_参照テーブル[[#This Row],[max]]&")","") | BQ5: =変換前のテーブル[[#This Row],[min_max]] -> 0 | BR5: =SUBSTITUTE(SUBSTITUTE(_参照テーブル[[#This Row],[list2]],"[",""),"]","") -> 0 | BS5: {=_xlfn.CHOOSECOLS(_xlfn.TEXTSPLIT(_参照テーブル[[#This Row],[list2_]],","),1)} -> 0 | BT5: {=_xlfn.CHOOSECOLS(_xlfn.TEXTSPLIT(_参照テーブル[[#This Row],[list2_]],","),2)} -> #VALUE! | BU5: =IFERROR("("&_参照テーブル[[#This Row],[min_]]&"～"&_参照テーブル[[#This Row],[max_]]&")", "")
A6: =ROW()-2 -> 4 | B6: =SUBSTITUTE(変換前のテーブル[[#This Row],[name]],"：",":")&":" -> 市区町村: | C6: str | D6: ="label_"&変換前のテーブル[[#This Row],[index]]&"_" -> label_4_ | E6: ="lineEdit_"&変換前のテーブル[[#This Row],[index]]&"_" -> lineEdit_4_ | F6: {=_xlfn.IFS(ROW()-1=1,-1,ROW()-1=ROWS(変換前のテーブル[index]),1,TRUE,0)} -> 0 | H6: jp | I6: city | J6: han-ans | M6: ="frame_"&INT((ROW()-2) / 3)&"_" -> frame_1_ | O6: ="frame__"&変換前のテーブル[[#This Row],[index]]&"__" -> frame__4__ | P6: horizontalLayout_1_ | R6: ="horizontalLayout__"&変換前のテーブル[[#This Row],[index]]&"__" -> horizontalLayout__4__ | T6: =_xlfn.LET( _xlpm._maxlentext, IF(変換前のテーブル[[#This Row],[length]]="", "", " (桁数:" & SUBSTITUTE(SUBSTITUTE(変換前のテーブル[[#This Row],[length]],"[",""),"]","") & ")"), _xlpm._result, 変換前のテーブル[[#This Row],[name]]&": "&_xlfn.XLOOKUP(変換前のテーブル[[#This Row],[data_type]],_TypeInfo[type],_TypeInfo[info], "") & _参照テーブル[[#This Row],[inli_text]] & _xlpm._maxlentext & _参照テーブル[[#This Row],[min_max]], _xlpm._result ) -> 市区町村: | U6: False | V6: True | X6: 市区町村 | BK6: =BK5+1 -> 4 | BL6: =変換前のテーブル[[#This Row],[list_item]] & "" | BM6: =SUBSTITUTE(SUBSTITUTE(SUBSTITUTE(_参照テーブル[[#This Row],[list]], "'", ""),"[", ""), "]", "") | BN6: {=MIN(VALUE(_xlfn.TEXTSPLIT(_参照テーブル[[#This Row],[conv]], ", ")))} -> #VALUE! | BO6: {=MAX(VALUE(_xlfn.TEXTSPLIT(_参照テーブル[[#This Row],[conv]], ", ")))} -> #VALUE! | BP6: =IFERROR("("&_参照テーブル[[#This Row],[min]]&"～"&_参照テーブル[[#This Row],[max]]&")","") | BQ6: =変換前のテーブル[[#This Row],[min_max]] -> 0 | BR6: =SUBSTITUTE(SUBSTITUTE(_参照テーブル[[#This Row],[list2]],"[",""),"]","") -> 0 | BS6: {=_xlfn.CHOOSECOLS(_xlfn.TEXTSPLIT(_参照テーブル[[#This Row],[list2_]],","),1)} -> 0 | BT6: {=_xlfn.CHOOSECOLS(_xlfn.TEXTSPLIT(_参照テーブル[[#This Row],[list2_]],","),2)} -> #VALUE! | BU6: =IFERROR("("&_参照テーブル[[#This Row],[min_]]&"～"&_参照テーブル[[#This Row],[max_]]&")", "")
A7: =ROW()-2 -> 5 | B7: =SUBSTITUTE(変換前のテーブル[[#This Row],[name]],"：",":")&":" -> 町域番地: | C7: str | D7: ="label_"&変換前のテーブル[[#This Row],[index]]&"_" -> label_5_ | E7: ="lineEdit_"&変換前のテーブル[[#This Row],[index]]&"_" -> lineEdit_5_ | F7: {=_xlfn.IFS(ROW()-1=1,-1,ROW()-1=ROWS(変換前のテーブル[index]),1,TRUE,0)} -> 0 | H7: jp | I7: town | J7: han-ans | M7: ="frame_"&INT((ROW()-2) / 3)&"_" -> frame_1_ | O7: ="frame__"&変換前のテーブル[[#This Row],[index]]&"__" -> frame__5__ | P7: horizontalLayout_2_ | R7: ="horizontalLayout__"&変換前のテーブル[[#This Row],[index]]&"__" -> horizontalLayout__5__ | T7: =_xlfn.LET( _xlpm._maxlentext, IF(変換前のテーブル[[#This Row],[length]]="", "", " (桁数:" & SUBSTITUTE(SUBSTITUTE(変換前のテーブル[[#This Row],[length]],"[",""),"]","") & ")"), _xlpm._result, 変換前のテーブル[[#This Row],[name]]&": "&_xlfn.XLOOKUP(変換前のテーブル[[#This Row],[data_type]],_TypeInfo[type],_TypeInfo[info], "") & _参照テーブル[[#This Row],[inli_text]] & _xlpm._maxlentext & _参照テーブル[[#This Row],[min_max]], _xlpm._result ) -> 町域番地: | U7: False | V7: True | X7: 町域番地 | BK7: =BK6+1 -> 5 | BL7: =変換前のテーブル[[#This Row],[list_item]] & "" | BM7: =SUBSTITUTE(SUBSTITUTE(SUBSTITUTE(_参照テーブル[[#This Row],[list]], "'", ""),"[", ""), "]", "") | BN7: {=MIN(VALUE(_xlfn.TEXTSPLIT(_参照テーブル[[#This Row],[conv]], ", ")))} -> #VALUE! | BO7: {=MAX(VALUE(_xlfn.TEXTSPLIT(_参照テーブル[[#This Row],[conv]], ", ")))} -> #VALUE! | BP7: =IFERROR("("&_参照テーブル[[#This Row],[min]]&"～"&_参照テーブル[[#This Row],[max]]&")","") | BQ7: =変換前のテーブル[[#This Row],[min_max]] -> 0 | BR7: =SUBSTITUTE(SUBSTITUTE(_参照テーブル[[#This Row],[list2]],"[",""),"]","") -> 0 | BS7: {=_xlfn.CHOOSECOLS(_xlfn.TEXTSPLIT(_参照テーブル[[#This Row],[list2_]],","),1)} -> 0 | BT7: {=_xlfn.CHOOSECOLS(_xlfn.TEXTSPLIT(_参照テーブル[[#This Row],[list2_]],","),2)} -> #VALUE! | BU7: =IFERROR("("&_参照テーブル[[#This Row],[min_]]&"～"&_参照テーブル[[#This Row],[max_]]&")", "")
A8: =ROW()-2 -> 6 | B8: =SUBSTITUTE(変換前のテーブル[[#This Row],[name]],"：",":")&":" -> 建物: | C8: str | D8: ="label_"&変換前のテーブル[[#This Row],[index]]&"_" -> label_6_ | E8: ="lineEdit_"&変換前のテーブル[[#This Row],[index]]&"_" -> lineEdit_6_ | F8: {=_xlfn.IFS(ROW()-1=1,-1,ROW()-1=ROWS(変換前のテーブル[index]),1,TRUE,0)} -> 0 | H8: jp | I8: null | J8: han-ans | M8: ="frame_"&INT((ROW()-2) / 3)&"_" -> frame_2_ | O8: ="frame__"&変換前のテーブル[[#This Row],[index]]&"__" -> frame__6__ | P8: ="horizontalLayout_"&INT((ROW()-2) / 3)&"_" -> horizontalLayout_2_ | R8: ="horizontalLayout__"&変換前のテーブル[[#This Row],[index]]&"__" -> horizontalLayout__6__ | T8: =_xlfn.LET( _xlpm._maxlentext, IF(変換前のテーブル[[#This Row],[length]]="", "", " (桁数:" & SUBSTITUTE(SUBSTITUTE(変換前のテーブル[[#This Row],[length]],"[",""),"]","") & ")"), _xlpm._result, 変換前のテーブル[[#This Row],[name]]&": "&_xlfn.XLOOKUP(変換前のテーブル[[#This Row],[data_type]],_TypeInfo[type],_TypeInfo[info], "") & _参照テーブル[[#This Row],[inli_text]] & _xlpm._maxlentext & _参照テーブル[[#This Row],[min_max]], _xlpm._result ) -> 建物: | U8: False | V8: True | X8: 建物 | BK8: =BK7+1 -> 6 | BL8: =変換前のテーブル[[#This Row],[list_item]] & "" | BM8: =SUBSTITUTE(SUBSTITUTE(SUBSTITUTE(_参照テーブル[[#This Row],[list]], "'", ""),"[", ""), "]", "") | BN8: {=MIN(VALUE(_xlfn.TEXTSPLIT(_参照テーブル[[#This Row],[conv]], ", ")))} -> #VALUE! | BO8: {=MAX(VALUE(_xlfn.TEXTSPLIT(_参照テーブル[[#This Row],[conv]], ", ")))} -> #VALUE! | BP8: =IFERROR("("&_参照テーブル[[#This Row],[min]]&"～"&_参照テーブル[[#This Row],[max]]&")","") | BQ8: =変換前のテーブル[[#This Row],[min_max]] -> 0 | BR8: =SUBSTITUTE(SUBSTITUTE(_参照テーブル[[#This Row],[list2]],"[",""),"]","") -> 0 | BS8: {=_xlfn.CHOOSECOLS(_xlfn.TEXTSPLIT(_参照テーブル[[#This Row],[list2_]],","),1)} -> 0 | BT8: {=_xlfn.CHOOSECOLS(_xlfn.TEXTSPLIT(_参照テーブル[[#This Row],[list2_]],","),2)} -> #VALUE! | BU8: =IFERROR("("&_参照テーブル[[#This Row],[min_]]&"～"&_参照テーブル[[#This Row],[max_]]&")", "")
A9: =ROW()-2 -> 7 | B9: =SUBSTITUTE(変換前のテーブル[[#This Row],[name]],"：",":")&":" -> 氏名かな: | C9: str | D9: ="label_"&変換前のテーブル[[#This Row],[index]]&"_" -> label_7_ | E9: ="lineEdit_"&変換前のテーブル[[#This Row],[index]]&"_" -> lineEdit_7_ | F9: {=_xlfn.IFS(ROW()-1=1,-1,ROW()-1=ROWS(変換前のテーブル[index]),1,TRUE,0)} -> 0 | H9: jp | I9: null | M9: ="frame_"&INT((ROW()-2) / 3)&"_" -> frame_2_ | O9: ="frame__"&変換前のテーブル[[#This Row],[index]]&"__" -> frame__7__ | P9: horizontalLayout_3_ | R9: ="horizontalLayout__"&変換前のテーブル[[#This Row],[index]]&"__" -> horizontalLayout__7__ | T9: 氏名かな: ひらがな スペースあり | U9: False | V9: True | X9: 氏名かな | AA9: True | BK9: =BK8+1 -> 7 | BL9: =変換前のテーブル[[#This Row],[list_item]] & "" | BM9: =SUBSTITUTE(SUBSTITUTE(SUBSTITUTE(_参照テーブル[[#This Row],[list]], "'", ""),"[", ""), "]", "") | BN9: {=MIN(VALUE(_xlfn.TEXTSPLIT(_参照テーブル[[#This Row],[conv]], ", ")))} -> #VALUE! | BO9: {=MAX(VALUE(_xlfn.TEXTSPLIT(_参照テーブル[[#This Row],[conv]], ", ")))} -> #VALUE! | BP9: =IFERROR("("&_参照テーブル[[#This Row],[min]]&"～"&_参照テーブル[[#This Row],[max]]&")","") | BQ9: =変換前のテーブル[[#This Row],[min_max]] -> 0 | BR9: =SUBSTITUTE(SUBSTITUTE(_参照テーブル[[#This Row],[list2]],"[",""),"]","") -> 0 | BS9: {=_xlfn.CHOOSECOLS(_xlfn.TEXTSPLIT(_参照テーブル[[#This Row],[list2_]],","),1)} -> 0 | BT9: {=_xlfn.CHOOSECOLS(_xlfn.TEXTSPLIT(_参照テーブル[[#This Row],[list2_]],","),2)} -> #VALUE! | BU9: =IFERROR("("&_参照テーブル[[#This Row],[min_]]&"～"&_参照テーブル[[#This Row],[max_]]&")", "")
A10: =ROW()-2 -> 8 | B10: =SUBSTITUTE(変換前のテーブル[[#This Row],[name]],"：",":")&":" -> 氏名: | C10: str | D10: ="label_"&変換前のテーブル[[#This Row],[index]]&"_" -> label_8_ | E10: ="lineEdit_"&変換前のテーブル[[#This Row],[index]]&"_" -> lineEdit_8_ | F10: {=_xlfn.IFS(ROW()-1=1,-1,ROW()-1=ROWS(変換前のテーブル[index]),1,TRUE,0)} -> 0 | H10: jp | I10: null | M10: ="frame_"&INT((ROW()-2) / 3)&"_" -> frame_2_ | O10: ="frame__"&変換前のテーブル[[#This Row],[index]]&"__" -> frame__8__ | P10: horizontalLayout_3_ | R10: ="horizontalLayout__"&変換前のテーブル[[#This Row],[index]]&"__" -> horizontalLayout__8__ | T10: 氏名: スペースあり | U10: False | V10: True | X10: 氏名 | BK10: =BK9+1 -> 8 | BL10: =変換前のテーブル[[#This Row],[list_item]] & "" | BM10: =SUBSTITUTE(SUBSTITUTE(SUBSTITUTE(_参照テーブル[[#This Row],[list]], "'", ""),"[", ""), "]", "") | BN10: {=MIN(VALUE(_xlfn.TEXTSPLIT(_参照テーブル[[#This Row],[conv]], ", ")))} -> #VALUE! | BO10: {=MAX(VALUE(_xlfn.TEXTSPLIT(_参照テーブル[[#This Row],[conv]], ", ")))} -> #VALUE! | BP10: =IFERROR("("&_参照テーブル[[#This Row],[min]]&"～"&_参照テーブル[[#This Row],[max]]&")","") | BQ10: =変換前のテーブル[[#This Row],[min_max]] -> 0 | BR10: =SUBSTITUTE(SUBSTITUTE(_参照テーブル[[#This Row],[list2]],"[",""),"]","") -> 0 | BS10: {=_xlfn.CHOOSECOLS(_xlfn.TEXTSPLIT(_参照テーブル[[#This Row],[list2_]],","),1)} -> 0 | BT10: {=_xlfn.CHOOSECOLS(_xlfn.TEXTSPLIT(_参照テーブル[[#This Row],[list2_]],","),2)} -> #VALUE! | BU10: =IFERROR("("&_参照テーブル[[#This Row],[min_]]&"～"&_参照テーブル[[#This Row],[max_]]&")", "")
A11: =ROW()-2 -> 9 | B11: =SUBSTITUTE(変換前のテーブル[[#This Row],[name]],"：",":")&":" -> 電話番号: | C11: hankaku-eisu-kuromaru_lenrange | D11: ="label_"&変換前のテーブル[[#This Row],[index]]&"_" -> label_9_ | E11: ="lineEdit_"&変換前のテーブル[[#This Row],[index]]&"_" -> lineEdit_9_ | F11: {=_xlfn.IFS(ROW()-1=1,-1,ROW()-1=ROWS(変換前のテーブル[index]),1,TRUE,0)} -> 0 | H11: en | I11: null | J11: han | M11: ="frame_"&INT((ROW()-2) / 3)&"_" -> frame_3_ | O11: ="frame__"&変換前のテーブル[[#This Row],[index]]&"__" -> frame__9__ | P11: horizontalLayout_3_ | R11: ="horizontalLayout__"&変換前のテーブル[[#This Row],[index]]&"__" -> horizontalLayout__9__ | T11: 電話番号: ハイフンなし 桁数:10～11 | U11: False | V11: True | X11: 電話番号 | AA11: True | AB11: [10, 11] | BK11: =BK10+1 -> 9 | BL11: =変換前のテーブル[[#This Row],[list_item]] & "" | BM11: =SUBSTITUTE(SUBSTITUTE(SUBSTITUTE(_参照テーブル[[#This Row],[list]], "'", ""),"[", ""), "]", "") | BN11: {=MIN(VALUE(_xlfn.TEXTSPLIT(_参照テーブル[[#This Row],[conv]], ", ")))} -> #VALUE! | BO11: {=MAX(VALUE(_xlfn.TEXTSPLIT(_参照テーブル[[#This Row],[conv]], ", ")))} -> #VALUE! | BP11: =IFERROR("("&_参照テーブル[[#This Row],[min]]&"～"&_参照テーブル[[#This Row],[max]]&")","") | BQ11: =変換前のテーブル[[#This Row],[min_max]] -> 0 | BR11: =SUBSTITUTE(SUBSTITUTE(_参照テーブル[[#This Row],[list2]],"[",""),"]","") -> 0 | BS11: {=_xlfn.CHOOSECOLS(_xlfn.TEXTSPLIT(_参照テーブル[[#This Row],[list2_]],","),1)} -> 0 | BT11: {=_xlfn.CHOOSECOLS(_xlfn.TEXTSPLIT(_参照テーブル[[#This Row],[list2_]],","),2)} -> #VALUE! | BU11: =IFERROR("("&_参照テーブル[[#This Row],[min_]]&"～"&_参照テーブル[[#This Row],[max_]]&")", "")
A12: =ROW()-2 -> 10 | B12: =SUBSTITUTE(変換前のテーブル[[#This Row],[name]],"：",":")&":" -> 防災カルタ: | C12: hankaku-eisu-kuromaru | D12: ="label_"&変換前のテーブル[[#This Row],[index]]&"_" -> label_10_ | E12: ="lineEdit_"&変換前のテーブル[[#This Row],[index]]&"_" -> lineEdit_10_ | F12: {=_xlfn.IFS(ROW()-1=1,-1,ROW()-1=ROWS(変換前のテーブル[index]),1,TRUE,0)} -> 0 | H12: en | I12: null | J12: han | M12: ="frame_"&INT((ROW()-2) / 3)&"_" -> frame_3_ | O12: ="frame__"&変換前のテーブル[[#This Row],[index]]&"__" -> frame__10__ | P12: horizontalLayout_3_ | R12: ="horizontalLayout__"&変換前のテーブル[[#This Row],[index]]&"__" -> horizontalLayout__10__ | T12: 防災カルタ: 申し込む=1 不要=2 | U12: False | V12: True | X12: 防災カルタ | BK12: =BK11+1 -> 10 | BL12: =変換前のテーブル[[#This Row],[list_item]] & "" | BM12: =SUBSTITUTE(SUBSTITUTE(SUBSTITUTE(_参照テーブル[[#This Row],[list]], "'", ""),"[", ""), "]", "") | BN12: {=MIN(VALUE(_xlfn.TEXTSPLIT(_参照テーブル[[#This Row],[conv]], ", ")))} -> #VALUE! | BO12: {=MAX(VALUE(_xlfn.TEXTSPLIT(_参照テーブル[[#This Row],[conv]], ", ")))} -> #VALUE! | BP12: =IFERROR("("&_参照テーブル[[#This Row],[min]]&"～"&_参照テーブル[[#This Row],[max]]&")","") | BQ12: =変換前のテーブル[[#This Row],[min_max]] -> 0 | BR12: =SUBSTITUTE(SUBSTITUTE(_参照テーブル[[#This Row],[list2]],"[",""),"]","") -> 0 | BS12: {=_xlfn.CHOOSECOLS(_xlfn.TEXTSPLIT(_参照テーブル[[#This Row],[list2_]],","),1)} -> 0 | BT12: {=_xlfn.CHOOSECOLS(_xlfn.TEXTSPLIT(_参照テーブル[[#This Row],[list2_]],","),2)} -> #VALUE! | BU12: =IFERROR("("&_参照テーブル[[#This Row],[min_]]&"～"&_参照テーブル[[#This Row],[max_]]&")", "")
A13: =ROW()-2 -> 11 | B13: =SUBSTITUTE(変換前のテーブル[[#This Row],[name]],"：",":")&":" -> 404:薬剤式トイレ: | C13: hankaku-eisu-kuromaru | D13: ="label_"&変換前のテーブル[[#This Row],[index]]&"_" -> label_11_ | E13: ="lineEdit_"&変換前のテーブル[[#This Row],[index]]&"_" -> lineEdit_11_ | F13: {=_xlfn.IFS(ROW()-1=1,-1,ROW()-1=ROWS(変換前のテーブル[index]),1,TRUE,0)} -> 0 | H13: en | I13: null | J13: han | M13: ="frame_"&INT((ROW()-2) / 3)&"_" -> frame_3_ | O13: ="frame__"&変換前のテーブル[[#This Row],[index]]&"__" -> frame__11__ | P13: horizontalLayout_4_ | R13: ="horizontalLayout__"&変換前のテーブル[[#This Row],[index]]&"__" -> horizontalLayout__11__ | T13: 404:薬剤式トイレ: 数量を入力（薬剤式トイレ） | U13: False | V13: True | X13: 404:薬剤式トイレ | AA13: True | BK13: =BK12+1 -> 11 | BL13: =変換前のテーブル[[#This Row],[list_item]] & "" | BM13: =SUBSTITUTE(SUBSTITUTE(SUBSTITUTE(_参照テーブル[[#This Row],[list]], "'", ""),"[", ""), "]", "") | BN13: {=MIN(VALUE(_xlfn.TEXTSPLIT(_参照テーブル[[#This Row],[conv]], ", ")))} -> #VALUE! | BO13: {=MAX(VALUE(_xlfn.TEXTSPLIT(_参照テーブル[[#This Row],[conv]], ", ")))} -> #VALUE! | BP13: =IFERROR("("&_参照テーブル[[#This Row],[min]]&"～"&_参照テーブル[[#This Row],[max]]&")","") | BQ13: =変換前のテーブル[[#This Row],[min_max]] -> 0 | BR13: =SUBSTITUTE(SUBSTITUTE(_参照テーブル[[#This Row],[list2]],"[",""),"]","") -> 0 | BS13: {=_xlfn.CHOOSECOLS(_xlfn.TEXTSPLIT(_参照テーブル[[#This Row],[list2_]],","),1)} -> 0 | BT13: {=_xlfn.CHOOSECOLS(_xlfn.TEXTSPLIT(_参照テーブル[[#This Row],[list2_]],","),2)} -> #VALUE! | BU13: =IFERROR("("&_参照テーブル[[#This Row],[min_]]&"～"&_参照テーブル[[#This Row],[max_]]&")", "")
A14: =ROW()-2 -> 12 | B14: =SUBSTITUTE(変換前のテーブル[[#This Row],[name]],"：",":")&":" -> 225:備蓄ランタン: | C14: hankaku-eisu-kuromaru | D14: ="label_"&変換前のテーブル[[#This Row],[index]]&"_" -> label_12_ | E14: ="lineEdit_"&変換前のテーブル[[#This Row],[index]]&"_" -> lineEdit_12_ | F14: {=_xlfn.IFS(ROW()-1=1,-1,ROW()-1=ROWS(変換前のテーブル[index]),1,TRUE,0)} -> 0 | H14: en | I14: null | J14: han | M14: ="frame_"&INT((ROW()-2) / 3)&"_" -> frame_4_ | O14: ="frame__"&変換前のテーブル[[#This Row],[index]]&"__" -> frame__12__ | P14: horizontalLayout_4_ | R14: ="horizontalLayout__"&変換前のテーブル[[#This Row],[index]]&"__" -> horizontalLayout__12__ | T14: 225:備蓄ランタン: 数量を入力（備蓄ランタン） | U14: False | V14: True | X14: 225:備蓄ランタン | BK14: =BK13+1 -> 12 | BL14: =変換前のテーブル[[#This Row],[list_item]] & "" | BM14: =SUBSTITUTE(SUBSTITUTE(SUBSTITUTE(_参照テーブル[[#This Row],[list]], "'", ""),"[", ""), "]", "") | BN14: {=MIN(VALUE(_xlfn.TEXTSPLIT(_参照テーブル[[#This Row],[conv]], ", ")))} -> #VALUE! | BO14: {=MAX(VALUE(_xlfn.TEXTSPLIT(_参照テーブル[[#This Row],[conv]], ", ")))} -> #VALUE! | BP14: =IFERROR("("&_参照テーブル[[#This Row],[min]]&"～"&_参照テーブル[[#This Row],[max]]&")","") | BQ14: =変換前のテーブル[[#This Row],[min_max]] -> 0 | BR14: =SUBSTITUTE(SUBSTITUTE(_参照テーブル[[#This Row],[list2]],"[",""),"]","") -> 0 | BS14: {=_xlfn.CHOOSECOLS(_xlfn.TEXTSPLIT(_参照テーブル[[#This Row],[list2_]],","),1)} -> 0 | BT14: {=_xlfn.CHOOSECOLS(_xlfn.TEXTSPLIT(_参照テーブル[[#This Row],[list2_]],","),2)} -> #VALUE! | BU14: =IFERROR("("&_参照テーブル[[#This Row],[min_]]&"～"&_参照テーブル[[#This Row],[max_]]&")", "")
A15: =ROW()-2 -> 13 | B15: =SUBSTITUTE(変換前のテーブル[[#This Row],[name]],"：",":")&":" -> 512:彩り主食: | C15: hankaku-eisu-kuromaru | D15: ="label_"&変換前のテーブル[[#This Row],[index]]&"_" -> label_13_ | E15: ="lineEdit_"&変換前のテーブル[[#This Row],[index]]&"_" -> lineEdit_13_ | F15: {=_xlfn.IFS(ROW()-1=1,-1,ROW()-1=ROWS(変換前のテーブル[index]),1,TRUE,0)} -> 0 | H15: en | I15: null | J15: han | M15: ="frame_"&INT((ROW()-2) / 3)&"_" -> frame_4_ | O15: ="frame__"&変換前のテーブル[[#This Row],[index]]&"__" -> frame__13__ | P15: horizontalLayout_4_ | R15: ="horizontalLayout__"&変換前のテーブル[[#This Row],[index]]&"__" -> horizontalLayout__13__ | T15: 512:彩り主食: 数量を入力（彩り主食） | U15: False | V15: True | X15: 512:彩り主食 | BK15: =BK14+1 -> 13 | BL15: =変換前のテーブル[[#This Row],[list_item]] & "" | BM15: =SUBSTITUTE(SUBSTITUTE(SUBSTITUTE(_参照テーブル[[#This Row],[list]], "'", ""),"[", ""), "]", "") | BN15: {=MIN(VALUE(_xlfn.TEXTSPLIT(_参照テーブル[[#This Row],[conv]], ", ")))} -> #VALUE! | BO15: {=MAX(VALUE(_xlfn.TEXTSPLIT(_参照テーブル[[#This Row],[conv]], ", ")))} -> #VALUE! | BP15: =IFERROR("("&_参照テーブル[[#This Row],[min]]&"～"&_参照テーブル[[#This Row],[max]]&")","") | BQ15: =変換前のテーブル[[#This Row],[min_max]] -> 0 | BR15: =SUBSTITUTE(SUBSTITUTE(_参照テーブル[[#This Row],[list2]],"[",""),"]","") -> 0 | BS15: {=_xlfn.CHOOSECOLS(_xlfn.TEXTSPLIT(_参照テーブル[[#This Row],[list2_]],","),1)} -> 0 | BT15: {=_xlfn.CHOOSECOLS(_xlfn.TEXTSPLIT(_参照テーブル[[#This Row],[list2_]],","),2)} -> #VALUE! | BU15: =IFERROR("("&_参照テーブル[[#This Row],[min_]]&"～"&_参照テーブル[[#This Row],[max_]]&")", "")
A16: =ROW()-2 -> 14 | B16: =SUBSTITUTE(変換前のテーブル[[#This Row],[name]],"：",":")&":" -> 411&415:全身きれい: | C16: hankaku-eisu-kuromaru | D16: ="label_"&変換前のテーブル[[#This Row],[index]]&"_" -> label_14_ | E16: ="lineEdit_"&変換前のテーブル[[#This Row],[index]]&"_" -> lineEdit_14_ | F16: {=_xlfn.IFS(ROW()-1=1,-1,ROW()-1=ROWS(変換前のテーブル[index]),1,TRUE,0)} -> 1 | H16: en | I16: null | J16: han | M16: ="frame_"&INT((ROW()-2) / 3)&"_" -> frame_4_ | O16: ="frame__"&変換前のテーブル[[#This Row],[index]]&"__" -> frame__14__ | P16: horizontalLayout_4_ | R16: ="horizontalLayout__"&変換前のテーブル[[#This Row],[index]]&"__" -> horizontalLayout__14__ | T16: 411&415:全身きれい: 数量を入力（全身きれい・歯みがき） | U16: False | V16: True | X16: 411&415:全身きれい | BK16: =BK15+1 -> 14 | BL16: =変換前のテーブル[[#This Row],[list_item]] & "" | BM16: =SUBSTITUTE(SUBSTITUTE(SUBSTITUTE(_参照テーブル[[#This Row],[list]], "'", ""),"[", ""), "]", "") | BN16: {=MIN(VALUE(_xlfn.TEXTSPLIT(_参照テーブル[[#This Row],[conv]], ", ")))} -> #VALUE! | BO16: {=MAX(VALUE(_xlfn.TEXTSPLIT(_参照テーブル[[#This Row],[conv]], ", ")))} -> #VALUE! | BP16: =IFERROR("("&_参照テーブル[[#This Row],[min]]&"～"&_参照テーブル[[#This Row],[max]]&")","") | BQ16: =変換前のテーブル[[#This Row],[min_max]] -> 0 | BR16: =SUBSTITUTE(SUBSTITUTE(_参照テーブル[[#This Row],[list2]],"[",""),"]","") -> 0 | BS16: {=_xlfn.CHOOSECOLS(_xlfn.TEXTSPLIT(_参照テーブル[[#This Row],[list2_]],","),1)} -> 0 | BT16: {=_xlfn.CHOOSECOLS(_xlfn.TEXTSPLIT(_参照テーブル[[#This Row],[list2_]],","),2)} -> #VALUE! | BU16: =IFERROR("("&_参照テーブル[[#This Row],[min_]]&"～"&_参照テーブル[[#This Row],[max_]]&")", "")
BK17: =BK16+1 -> 15 | BL17: =変換前のテーブル[[#This Row],[list_item]] & "" -> #VALUE! | BM17: =SUBSTITUTE(SUBSTITUTE(SUBSTITUTE(_参照テーブル[[#This Row],[list]], "'", ""),"[", ""), "]", "") -> #VALUE! | BN17: {=MIN(VALUE(_xlfn.TEXTSPLIT(_参照テーブル[[#This Row],[conv]], ", ")))} -> #VALUE! | BO17: {=MAX(VALUE(_xlfn.TEXTSPLIT(_参照テーブル[[#This Row],[conv]], ", ")))} -> #VALUE! | BP17: =IFERROR("("&_参照テーブル[[#This Row],[min]]&"～"&_参照テーブル[[#This Row],[max]]&")","") | BQ17: =変換前のテーブル[[#This Row],[min_max]] -> #VALUE! | BR17: =SUBSTITUTE(SUBSTITUTE(_参照テーブル[[#This Row],[list2]],"[",""),"]","") -> #VALUE! | BS17: {=_xlfn.CHOOSECOLS(_xlfn.TEXTSPLIT(_参照テーブル[[#This Row],[list2_]],","),1)} -> #VALUE! | BT17: {=_xlfn.CHOOSECOLS(_xlfn.TEXTSPLIT(_参照テーブル[[#This Row],[list2_]],","),2)} -> #VALUE! | BU17: =IFERROR("("&_参照テーブル[[#This Row],[min_]]&"～"&_参照テーブル[[#This Row],[max_]]&")", "")
BK18: =BK17+1 -> 16 | BL18: =変換前のテーブル[[#This Row],[list_item]] & "" -> #VALUE! | BM18: =SUBSTITUTE(SUBSTITUTE(SUBSTITUTE(_参照テーブル[[#This Row],[list]], "'", ""),"[", ""), "]", "") -> #VALUE! | BN18: {=MIN(VALUE(_xlfn.TEXTSPLIT(_参照テーブル[[#This Row],[conv]], ", ")))} -> #VALUE! | BO18: {=MAX(VALUE(_xlfn.TEXTSPLIT(_参照テーブル[[#This Row],[conv]], ", ")))} -> #VALUE! | BP18: =IFERROR("("&_参照テーブル[[#This Row],[min]]&"～"&_参照テーブル[[#This Row],[max]]&")","") | BQ18: =変換前のテーブル[[#This Row],[min_max]] -> #VALUE! | BR18: =SUBSTITUTE(SUBSTITUTE(_参照テーブル[[#This Row],[list2]],"[",""),"]","") -> #VALUE! | BS18: {=_xlfn.CHOOSECOLS(_xlfn.TEXTSPLIT(_参照テーブル[[#This Row],[list2_]],","),1)} -> #VALUE! | BT18: {=_xlfn.CHOOSECOLS(_xlfn.TEXTSPLIT(_参照テーブル[[#This Row],[list2_]],","),2)} -> #VALUE! | BU18: =IFERROR("("&_参照テーブル[[#This Row],[min_]]&"～"&_参照テーブル[[#This Row],[max_]]&")", "")
BK19: =BK18+1 -> 17 | BL19: =変換前のテーブル[[#This Row],[list_item]] & "" -> #VALUE! | BM19: =SUBSTITUTE(SUBSTITUTE(SUBSTITUTE(_参照テーブル[[#This Row],[list]], "'", ""),"[", ""), "]", "") -> #VALUE! | BN19: {=MIN(VALUE(_xlfn.TEXTSPLIT(_参照テーブル[[#This Row],[conv]], ", ")))} -> #VALUE! | BO19: {=MAX(VALUE(_xlfn.TEXTSPLIT(_参照テーブル[[#This Row],[conv]], ", ")))} -> #VALUE! | BP19: =IFERROR("("&_参照テーブル[[#This Row],[min]]&"～"&_参照テーブル[[#This Row],[max]]&")","") | BQ19: =変換前のテーブル[[#This Row],[min_max]] -> #VALUE! | BR19: =SUBSTITUTE(SUBSTITUTE(_参照テーブル[[#This Row],[list2]],"[",""),"]","") -> #VALUE! | BS19: {=_xlfn.CHOOSECOLS(_xlfn.TEXTSPLIT(_参照テーブル[[#This Row],[list2_]],","),1)} -> #VALUE! | BT19: {=_xlfn.CHOOSECOLS(_xlfn.TEXTSPLIT(_参照テーブル[[#This Row],[list2_]],","),2)} -> #VALUE! | BU19: =IFERROR("("&_参照テーブル[[#This Row],[min_]]&"～"&_参照テーブル[[#This Row],[max_]]&")", "")
BK20: =BK19+1 -> 18 | BL20: =変換前のテーブル[[#This Row],[list_item]] & "" -> #VALUE! | BM20: =SUBSTITUTE(SUBSTITUTE(SUBSTITUTE(_参照テーブル[[#This Row],[list]], "'", ""),"[", ""), "]", "") -> #VALUE! | BN20: {=MIN(VALUE(_xlfn.TEXTSPLIT(_参照テーブル[[#This Row],[conv]], ", ")))} -> #VALUE! | BO20: {=MAX(VALUE(_xlfn.TEXTSPLIT(_参照テーブル[[#This Row],[conv]], ", ")))} -> #VALUE! | BP20: =IFERROR("("&_参照テーブル[[#This Row],[min]]&"～"&_参照テーブル[[#This Row],[max]]&")","") | BQ20: =変換前のテーブル[[#This Row],[min_max]] -> #VALUE! | BR20: =SUBSTITUTE(SUBSTITUTE(_参照テーブル[[#This Row],[list2]],"[",""),"]","") -> #VALUE! | BS20: {=_xlfn.CHOOSECOLS(_xlfn.TEXTSPLIT(_参照テーブル[[#This Row],[list2_]],","),1)} -> #VALUE! | BT20: {=_xlfn.CHOOSECOLS(_xlfn.TEXTSPLIT(_参照テーブル[[#This Row],[list2_]],","),2)} -> #VALUE! | BU20: =IFERROR("("&_参照テーブル[[#This Row],[min_]]&"～"&_参照テーブル[[#This Row],[max_]]&")", "")
BK21: =BK20+1 -> 19 | BL21: =変換前のテーブル[[#This Row],[list_item]] & "" -> #VALUE! | BM21: =SUBSTITUTE(SUBSTITUTE(SUBSTITUTE(_参照テーブル[[#This Row],[list]], "'", ""),"[", ""), "]", "") -> #VALUE! | BN21: {=MIN(VALUE(_xlfn.TEXTSPLIT(_参照テーブル[[#This Row],[conv]], ", ")))} -> #VALUE! | BO21: {=MAX(VALUE(_xlfn.TEXTSPLIT(_参照テーブル[[#This Row],[conv]], ", ")))} -> #VALUE! | BP21: =IFERROR("("&_参照テーブル[[#This Row],[min]]&"～"&_参照テーブル[[#This Row],[max]]&")","") | BQ21: =変換前のテーブル[[#This Row],[min_max]] -> #VALUE! | BR21: =SUBSTITUTE(SUBSTITUTE(_参照テーブル[[#This Row],[list2]],"[",""),"]","") -> #VALUE! | BS21: {=_xlfn.CHOOSECOLS(_xlfn.TEXTSPLIT(_参照テーブル[[#This Row],[list2_]],","),1)} -> #VALUE! | BT21: {=_xlfn.CHOOSECOLS(_xlfn.TEXTSPLIT(_参照テーブル[[#This Row],[list2_]],","),2)} -> #VALUE! | BU21: =IFERROR("("&_参照テーブル[[#This Row],[min_]]&"～"&_参照テーブル[[#This Row],[max_]]&")", "")
BK22: =BK21+1 -> 20 | BL22: =変換前のテーブル[[#This Row],[list_item]] & "" -> #VALUE! | BM22: =SUBSTITUTE(SUBSTITUTE(SUBSTITUTE(_参照テーブル[[#This Row],[list]], "'", ""),"[", ""), "]", "") -> #VALUE! | BN22: {=MIN(VALUE(_xlfn.TEXTSPLIT(_参照テーブル[[#This Row],[conv]], ", ")))} -> #VALUE! | BO22: {=MAX(VALUE(_xlfn.TEXTSPLIT(_参照テーブル[[#This Row],[conv]], ", ")))} -> #VALUE! | BP22: =IFERROR("("&_参照テーブル[[#This Row],[min]]&"～"&_参照テーブル[[#This Row],[max]]&")","") | BQ22: =変換前のテーブル[[#This Row],[min_max]] -> #VALUE! | BR22: =SUBSTITUTE(SUBSTITUTE(_参照テーブル[[#This Row],[list2]],"[",""),"]","") -> #VALUE! | BS22: {=_xlfn.CHOOSECOLS(_xlfn.TEXTSPLIT(_参照テーブル[[#This Row],[list2_]],","),1)} -> #VALUE! | BT22: {=_xlfn.CHOOSECOLS(_xlfn.TEXTSPLIT(_参照テーブル[[#This Row],[list2_]],","),2)} -> #VALUE! | BU22: =IFERROR("("&_参照テーブル[[#This Row],[min_]]&"～"&_参照テーブル[[#This Row],[max_]]&")", "")
BK23: =BK22+1 -> 21 | BL23: =変換前のテーブル[[#This Row],[list_item]] & "" -> #VALUE! | BM23: =SUBSTITUTE(SUBSTITUTE(SUBSTITUTE(_参照テーブル[[#This Row],[list]], "'", ""),"[", ""), "]", "") -> #VALUE! | BN23: {=MIN(VALUE(_xlfn.TEXTSPLIT(_参照テーブル[[#This Row],[conv]], ", ")))} -> #VALUE! | BO23: {=MAX(VALUE(_xlfn.TEXTSPLIT(_参照テーブル[[#This Row],[conv]], ", ")))} -> #VALUE! | BP23: =IFERROR("("&_参照テーブル[[#This Row],[min]]&"～"&_参照テーブル[[#This Row],[max]]&")","") | BQ23: =変換前のテーブル[[#This Row],[min_max]] -> #VALUE! | BR23: =SUBSTITUTE(SUBSTITUTE(_参照テーブル[[#This Row],[list2]],"[",""),"]","") -> #VALUE! | BS23: {=_xlfn.CHOOSECOLS(_xlfn.TEXTSPLIT(_参照テーブル[[#This Row],[list2_]],","),1)} -> #VALUE! | BT23: {=_xlfn.CHOOSECOLS(_xlfn.TEXTSPLIT(_参照テーブル[[#This Row],[list2_]],","),2)} -> #VALUE! | BU23: =IFERROR("("&_参照テーブル[[#This Row],[min_]]&"～"&_参照テーブル[[#This Row],[max_]]&")", "")
BK24: =BK23+1 -> 22 | BL24: =変換前のテーブル[[#This Row],[list_item]] & "" -> #VALUE! | BM24: =SUBSTITUTE(SUBSTITUTE(SUBSTITUTE(_参照テーブル[[#This Row],[list]], "'", ""),"[", ""), "]", "") -> #VALUE! | BN24: {=MIN(VALUE(_xlfn.TEXTSPLIT(_参照テーブル[[#This Row],[conv]], ", ")))} -> #VALUE! | BO24: {=MAX(VALUE(_xlfn.TEXTSPLIT(_参照テーブル[[#This Row],[conv]], ", ")))} -> #VALUE! | BP24: =IFERROR("("&_参照テーブル[[#This Row],[min]]&"～"&_参照テーブル[[#This Row],[max]]&")","") | BQ24: =変換前のテーブル[[#This Row],[min_max]] -> #VALUE! | BR24: =SUBSTITUTE(SUBSTITUTE(_参照テーブル[[#This Row],[list2]],"[",""),"]","") -> #VALUE! | BS24: {=_xlfn.CHOOSECOLS(_xlfn.TEXTSPLIT(_参照テーブル[[#This Row],[list2_]],","),1)} -> #VALUE! | BT24: {=_xlfn.CHOOSECOLS(_xlfn.TEXTSPLIT(_参照テーブル[[#This Row],[list2_]],","),2)} -> #VALUE! | BU24: =IFERROR("("&_参照テーブル[[#This Row],[min_]]&"～"&_参照テーブル[[#This Row],[max_]]&")", "")
BK25: =BK24+1 -> 23 | BL25: =変換前のテーブル[[#This Row],[list_item]] & "" -> #VALUE! | BM25: =SUBSTITUTE(SUBSTITUTE(SUBSTITUTE(_参照テーブル[[#This Row],[list]], "'", ""),"[", ""), "]", "") -> #VALUE! | BN25: {=MIN(VALUE(_xlfn.TEXTSPLIT(_参照テーブル[[#This Row],[conv]], ", ")))} -> #VALUE! | BO25: {=MAX(VALUE(_xlfn.TEXTSPLIT(_参照テーブル[[#This Row],[conv]], ", ")))} -> #VALUE! | BP25: =IFERROR("("&_参照テーブル[[#This Row],[min]]&"～"&_参照テーブル[[#This Row],[max]]&")","") | BQ25: =変換前のテーブル[[#This Row],[min_max]] -> #VALUE! | BR25: =SUBSTITUTE(SUBSTITUTE(_参照テーブル[[#This Row],[list2]],"[",""),"]","") -> #VALUE! | BS25: {=_xlfn.CHOOSECOLS(_xlfn.TEXTSPLIT(_参照テーブル[[#This Row],[list2_]],","),1)} -> #VALUE! | BT25: {=_xlfn.CHOOSECOLS(_xlfn.TEXTSPLIT(_参照テーブル[[#This Row],[list2_]],","),2)} -> #VALUE! | BU25: =IFERROR("("&_参照テーブル[[#This Row],[min_]]&"～"&_参照テーブル[[#This Row],[max_]]&")", "")
BK26: =BK25+1 -> 24 | BL26: =変換前のテーブル[[#This Row],[list_item]] & "" -> #VALUE! | BM26: =SUBSTITUTE(SUBSTITUTE(SUBSTITUTE(_参照テーブル[[#This Row],[list]], "'", ""),"[", ""), "]", "") -> #VALUE! | BN26: {=MIN(VALUE(_xlfn.TEXTSPLIT(_参照テーブル[[#This Row],[conv]], ", ")))} -> #VALUE! | BO26: {=MAX(VALUE(_xlfn.TEXTSPLIT(_参照テーブル[[#This Row],[conv]], ", ")))} -> #VALUE! | BP26: =IFERROR("("&_参照テーブル[[#This Row],[min]]&"～"&_参照テーブル[[#This Row],[max]]&")","") | BQ26: =変換前のテーブル[[#This Row],[min_max]] -> #VALUE! | BR26: =SUBSTITUTE(SUBSTITUTE(_参照テーブル[[#This Row],[list2]],"[",""),"]","") -> #VALUE! | BS26: {=_xlfn.CHOOSECOLS(_xlfn.TEXTSPLIT(_参照テーブル[[#This Row],[list2_]],","),1)} -> #VALUE! | BT26: {=_xlfn.CHOOSECOLS(_xlfn.TEXTSPLIT(_参照テーブル[[#This Row],[list2_]],","),2)} -> #VALUE! | BU26: =IFERROR("("&_参照テーブル[[#This Row],[min_]]&"～"&_参照テーブル[[#This Row],[max_]]&")", "")
BK27: =BK26+1 -> 25 | BL27: =変換前のテーブル[[#This Row],[list_item]] & "" -> #VALUE! | BM27: =SUBSTITUTE(SUBSTITUTE(SUBSTITUTE(_参照テーブル[[#This Row],[list]], "'", ""),"[", ""), "]", "") -> #VALUE! | BN27: {=MIN(VALUE(_xlfn.TEXTSPLIT(_参照テーブル[[#This Row],[conv]], ", ")))} -> #VALUE! | BO27: {=MAX(VALUE(_xlfn.TEXTSPLIT(_参照テーブル[[#This Row],[conv]], ", ")))} -> #VALUE! | BP27: =IFERROR("("&_参照テーブル[[#This Row],[min]]&"～"&_参照テーブル[[#This Row],[max]]&")","") | BQ27: =変換前のテーブル[[#This Row],[min_max]] -> #VALUE! | BR27: =SUBSTITUTE(SUBSTITUTE(_参照テーブル[[#This Row],[list2]],"[",""),"]","") -> #VALUE! | BS27: {=_xlfn.CHOOSECOLS(_xlfn.TEXTSPLIT(_参照テーブル[[#This Row],[list2_]],","),1)} -> #VALUE! | BT27: {=_xlfn.CHOOSECOLS(_xlfn.TEXTSPLIT(_参照テーブル[[#This Row],[list2_]],","),2)} -> #VALUE! | BU27: =IFERROR("("&_参照テーブル[[#This Row],[min_]]&"～"&_参照テーブル[[#This Row],[max_]]&")", "")
BK28: =BK27+1 -> 26 | BL28: =変換前のテーブル[[#This Row],[list_item]] & "" -> #VALUE! | BM28: =SUBSTITUTE(SUBSTITUTE(SUBSTITUTE(_参照テーブル[[#This Row],[list]], "'", ""),"[", ""), "]", "") -> #VALUE! | BN28: {=MIN(VALUE(_xlfn.TEXTSPLIT(_参照テーブル[[#This Row],[conv]], ", ")))} -> #VALUE! | BO28: {=MAX(VALUE(_xlfn.TEXTSPLIT(_参照テーブル[[#This Row],[conv]], ", ")))} -> #VALUE! | BP28: =IFERROR("("&_参照テーブル[[#This Row],[min]]&"～"&_参照テーブル[[#This Row],[max]]&")","") | BQ28: =変換前のテーブル[[#This Row],[min_max]] -> #VALUE! | BR28: =SUBSTITUTE(SUBSTITUTE(_参照テーブル[[#This Row],[list2]],"[",""),"]","") -> #VALUE! | BS28: {=_xlfn.CHOOSECOLS(_xlfn.TEXTSPLIT(_参照テーブル[[#This Row],[list2_]],","),1)} -> #VALUE! | BT28: {=_xlfn.CHOOSECOLS(_xlfn.TEXTSPLIT(_参照テーブル[[#This Row],[list2_]],","),2)} -> #VALUE! | BU28: =IFERROR("("&_参照テーブル[[#This Row],[min_]]&"～"&_参照テーブル[[#This Row],[max_]]&")", "")
... BK133: =BK132+1 -> 131 | BL133: =変換前のテーブル[[#This Row],[list_item]] & "" -> #VALUE! | BM133: =SUBSTITUTE(SUBSTITUTE(SUBSTITUTE(_参照テーブル[[#This Row],[list]], "'", ""),"[", ""), "]", "") -> #VALUE! | BN133: {=MIN(VALUE(_xlfn.TEXTSPLIT(_参照テーブル[[#This Row],[conv]], ", ")))} -> #VALUE! | BO133: {=MAX(VALUE(_xlfn.TEXTSPLIT(_参照テーブル[[#This Row],[conv]], ", ")))} -> #VALUE! | BP133: =IFERROR("("&_参照テーブル[[#This Row],[min]]&"～"&_参照テーブル[[#This Row],[max]]&")","") | BQ133: =変換前のテーブル[[#This Row],[min_max]] -> #VALUE! | BR133: =SUBSTITUTE(SUBSTITUTE(_参照テーブル[[#This Row],[list2]],"[",""),"]","") -> #VALUE! | BS133: {=_xlfn.CHOOSECOLS(_xlfn.TEXTSPLIT(_参照テーブル[[#This Row],[list2_]],","),1)} -> #VALUE! | BT133: {=_xlfn.CHOOSECOLS(_xlfn.TEXTSPLIT(_参照テーブル[[#This Row],[list2_]],","),2)} -> #VALUE! | BU133: =IFERROR("("&_参照テーブル[[#This Row],[min_]]&"～"&_参照テーブル[[#This Row],[max_]]&")", "")

Sheet result
A2: ="{"&_xlfn.TEXTJOIN(", ",TRUE,calcu2!A2:AZ2)&"}," -> {'index': 0, 'display_name': 'ID:', 'data_type': 'hankaku-eisu-kuromaru_lenjust', 'label_name': 'label_0_', 'line_edit_name': 'lineEdit_0_', 'is_last': -1, 'line_edit_obj': '', 'ime_mode': 'en', 'pn_auto_input': 'null', 'text_conversion': '', 'label_obj': '', 'frame_a_obj': '', 'frame_a_name': 'frame_0_', 'frame_b_obj': '', 'frame_b_name': 'frame__0__', 'layout_a_name': 'horizontalLayout_0_', 'layout_a_obj': '', 'layout_b_name': 'horizontalLayout__0__', 'layout_b_obj': '', 'info': 'ID: 数字10桁', 'is_rept': False, 'is_show': True, 'list_item': 0, 'name': 'ID', 'replace_keys': 0, 'replace_values': 0, 'is_b_line_show': 0, 'length': 10, 'min_max': 0, 're': '', 'remarks': 0},
A3: ="{"&_xlfn.TEXTJOIN(", ",TRUE,calcu2!A3:AZ3)&"}," -> {'index': 1, 'display_name': '登録情報:', 'data_type': 'hankaku-eisu-kuromaru', 'label_name': 'label_1_', 'line_edit_name': 'lineEdit_1_', 'is_last': 0, 'line_edit_obj': '', 'ime_mode': 'en', 'pn_auto_input': 'null', 'text_conversion': '', 'label_obj': '', 'frame_a_obj': '', 'frame_a_name': 'frame_0_', 'frame_b_obj': '', 'frame_b_name': 'frame__1__', 'layout_a_name': 'horizontalLayout_0_', 'layout_a_obj': '', 'layout_b_name': 'horizontalLayout__1__', 'layout_b_obj': '', 'info': '登録情報: 変更なし=1 変更あり=2', 'is_rept': False, 'is_show': True, 'list_item': 0, 'name': '登録情報', 'replace_keys': 0, 'replace_values': 0, 'is_b_line_show': 0, 'length': 0, 'min_max': 0, 're': '', 'remarks': 0},
A4: ="{"&_xlfn.TEXTJOIN(", ",TRUE,calcu2!A4:AZ4)&"}," -> {'index': 2, 'display_name': '郵便番号:', 'data_type': 'hankaku-eisu-kuromaru', 'label_name': 'label_2_', 'line_edit_name': 'lineEdit_2_', 'is_last': 0, 'line_edit_obj': '', 'ime_mode': 'en', 'pn_auto_input': 'postnum', 'text_conversion': 'han', 'label_obj': '', 'frame_a_obj': '', 'frame_a_name': 'frame_0_', 'frame_b_obj': '', 'frame_b_name': 'frame__2__', 'layout_a_name': 'horizontalLayout_1_', 'layout_a_obj': '', 'layout_b_name': 'horizontalLayout__2__', 'layout_b_obj': '', 'info': '郵便番号: ハイフンなし7桁', 'is_rept': False, 'is_show': True, 'list_item': 0, 'name': '郵便番号', 'replace_keys': 0, 'replace_values': 0, 'is_b_line_show': True, 'length': 0, 'min_max': 0, 're': '', 'remarks': 0},
A5: ="{"&_xlfn.TEXTJOIN(", ",TRUE,calcu2!A5:AZ5)&"}," -> {'index': 3, 'display_name': '都道府県:', 'data_type': 'str', 'label_name': 'label_3_', 'line_edit_name': 'lineEdit_3_', 'is_last': 0, 'line_edit_obj': '', 'ime_mode': 'jp', 'pn_auto_input': 'pref', 'text_conversion': 'han-ans', 'label_obj': '', 'frame_a_obj': '', 'frame_a_name': 'frame_1_', 'frame_b_obj': '', 'frame_b_name': 'frame__3__', 'layout_a_name': 'horizontalLayout_1_', 'layout_a_obj': '', 'layout_b_name': 'horizontalLayout__3__', 'layout_b_obj': '', 'info': '都道府県: ', 'is_rept': False, 'is_show': True, 'list_item': 0, 'name': '都道府県', 'replace_keys': 0, 'replace_values': 0, 'is_b_line_show': 0, 'length': 0, 'min_max': 0, 're': '', 'remarks': 0},
A6: ="{"&_xlfn.TEXTJOIN(", ",TRUE,calcu2!A6:AZ6)&"}," -> {'index': 4, 'display_name': '市区町村:', 'data_type': 'str', 'label_name': 'label_4_', 'line_edit_name': 'lineEdit_4_', 'is_last': 0, 'line_edit_obj': '', 'ime_mode': 'jp', 'pn_auto_input': 'city', 'text_conversion': 'han-ans', 'label_obj': '', 'frame_a_obj': '', 'frame_a_name': 'frame_1_', 'frame_b_obj': '', 'frame_b_name': 'frame__4__', 'layout_a_name': 'horizontalLayout_1_', 'layout_a_obj': '', 'layout_b_name': 'horizontalLayout__4__', 'layout_b_obj': '', 'info': '市区町村: ', 'is_rept': False, 'is_show': True, 'list_item': 0, 'name': '市区町村', 'replace_keys': 0, 'replace_values': 0, 'is_b_line_show': 0, 'length': 0, 'min_max': 0, 're': '', 'remarks': 0},
A7: ="{"&_xlfn.TEXTJOIN(", ",TRUE,calcu2!A7:AZ7)&"}," -> {'index': 5, 'display_name': '町域番地:', 'data_type': 'str', 'label_name': 'label_5_', 'line_edit_name': 'lineEdit_5_', 'is_last': 0, 'line_edit_obj': '', 'ime_mode': 'jp', 'pn_auto_input': 'town', 'text_conversion': 'han-ans', 'label_obj': '', 'frame_a_obj': '', 'frame_a_name': 'frame_1_', 'frame_b_obj': '', 'frame_b_name': 'frame__5__', 'layout_a_name': 'horizontalLayout_2_', 'layout_a_obj': '', 'layout_b_name': 'horizontalLayout__5__', 'layout_b_obj': '', 'info': '町域番地: ', 'is_rept': False, 'is_show': True, 'list_item': 0, 'name': '町域番地', 'replace_keys': 0, 'replace_values': 0, 'is_b_line_show': 0, 'length': 0, 'min_max': 0, 're': '', 'remarks': 0},
A8: ="{"&_xlfn.TEXTJOIN(", ",TRUE,calcu2!A8:AZ8)&"}," -> {'index': 6, 'display_name': '建物:', 'data_type': 'str', 'label_name': 'label_6_', 'line_edit_name': 'lineEdit_6_', 'is_last': 0, 'line_edit_obj': '', 'ime_mode': 'jp', 'pn_auto_input': 'null', 'text_conversion': 'han-ans', 'label_obj': '', 'frame_a_obj': '', 'frame_a_name': 'frame_2_', 'frame_b_obj': '', 'frame_b_name': 'frame__6__', 'layout_a_name': 'horizontalLayout_2_', 'layout_a_obj': '', 'layout_b_name': 'horizontalLayout__6__', 'layout_b_obj': '', 'info': '建物: ', 'is_rept': False, 'is_show': True, 'list_item': 0, 'name': '建物', 'replace_keys': 0, 'replace_values': 0, 'is_b_line_show': 0, 'length': 0, 'min_max': 0, 're': '', 'remarks': 0},
A9: ="{"&_xlfn.TEXTJOIN(", ",TRUE,calcu2!A9:AZ9)&"}," -> {'index': 7, 'display_name': '氏名かな:', 'data_type': 'str', 'label_name': 'label_7_', 'line_edit_name': 'lineEdit_7_', 'is_last': 0, 'line_edit_obj': '', 'ime_mode': 'jp', 'pn_auto_input': 'null', 'text_conversion': '', 'label_obj': '', 'frame_a_obj': '', 'frame_a_name': 'frame_2_', 'frame_b_obj': '', 'frame_b_name': 'frame__7__', 'layout_a_name': 'horizontalLayout_3_', 'layout_a_obj': '', 'layout_b_name': 'horizontalLayout__7__', 'layout_b_obj': '', 'info': '氏名かな: ひらがな スペースあり', 'is_rept': False, 'is_show': True, 'list_item': 0, 'name': '氏名かな', 'replace_keys': 0, 'replace_values': 0, 'is_b_line_show': True, 'length': 0, 'min_max': 0, 're': '', 'remarks': 0},
A10: ="{"&_xlfn.TEXTJOIN(", ",TRUE,calcu2!A10:AZ10)&"}," -> {'index': 8, 'display_name': '氏名:', 'data_type': 'str', 'label_name': 'label_8_', 'line_edit_name': 'lineEdit_8_', 'is_last': 0, 'line_edit_obj': '', 'ime_mode': 'jp', 'pn_auto_input': 'null', 'text_conversion': '', 'label_obj': '', 'frame_a_obj': '', 'frame_a_name': 'frame_2_', 'frame_b_obj': '', 'frame_b_name': 'frame__8__', 'layout_a_name': 'horizontalLayout_3_', 'layout_a_obj': '', 'layout_b_name': 'horizontalLayout__8__', 'layout_b_obj': '', 'info': '氏名: スペースあり', 'is_rept': False, 'is_show': True, 'list_item': 0, 'name': '氏名', 'replace_keys': 0, 'replace_values': 0, 'is_b_line_show': 0, 'length': 0, 'min_max': 0, 're': '', 'remarks': 0},
A11: ="{"&_xlfn.TEXTJOIN(", ",TRUE,calcu2!A11:AZ11)&"}," -> {'index': 9, 'display_name': '電話番号:', 'data_type': 'hankaku-eisu-kuromaru_lenrange', 'label_name': 'label_9_', 'line_edit_name': 'lineEdit_9_', 'is_last': 0, 'line_edit_obj': '', 'ime_mode': 'en', 'pn_auto_input': 'null', 'text_conversion': 'han', 'label_obj': '', 'frame_a_obj': '', 'frame_a_name': 'frame_3_', 'frame_b_obj': '', 'frame_b_name': 'frame__9__', 'layout_a_name': 'horizontalLayout_3_', 'layout_a_obj': '', 'layout_b_name': 'horizontalLayout__9__', 'layout_b_obj': '', 'info': '電話番号: ハイフンなし 桁数:10～11', 'is_rept': False, 'is_show': True, 'list_item': 0, 'name': '電話番号', 'replace_keys': 0, 'replace_values': 0, 'is_b_line_show': True, 'length': [10, 11], 'min_max': 0, 're': '', 'remarks': 0},
A12: ="{"&_xlfn.TEXTJOIN(", ",TRUE,calcu2!A12:AZ12)&"}," -> {'index': 10, 'display_name': '防災カルタ:', 'data_type': 'hankaku-eisu-kuromaru', 'label_name': 'label_10_', 'line_edit_name': 'lineEdit_10_', 'is_last': 0, 'line_edit_obj': '', 'ime_mode': 'en', 'pn_auto_input': 'null', 'text_conversion': 'han', 'label_obj': '', 'frame_a_obj': '', 'frame_a_name': 'frame_3_', 'frame_b_obj': '', 'frame_b_name': 'frame__10__', 'layout_a_name': 'horizontalLayout_3_', 'layout_a_obj': '', 'layout_b_name': 'horizontalLayout__10__', 'layout_b_obj': '', 'info': '防災カルタ: 申し込む=1 不要=2', 'is_rept': False, 'is_show': True, 'list_item': 0, 'name': '防災カルタ', 'replace_keys': 0, 'replace_values': 0, 'is_b_line_show': 0, 'length': 0, 'min_max': 0, 're': '', 'remarks': 0},
A13: ="{"&_xlfn.TEXTJOIN(", ",TRUE,calcu2!A13:AZ13)&"}," -> {'index': 11, 'display_name': '404:薬剤式トイレ:', 'data_type': 'hankaku-eisu-kuromaru', 'label_name': 'label_11_', 'line_edit_name': 'lineEdit_11_', 'is_last': 0, 'line_edit_obj': '', 'ime_mode': 'en', 'pn_auto_input': 'null', 'text_conversion': 'han', 'label_obj': '', 'frame_a_obj': '', 'frame_a_name': 'frame_3_', 'frame_b_obj': '', 'frame_b_name': 'frame__11__', 'layout_a_name': 'horizontalLayout_4_', 'layout_a_obj': '', 'layout_b_name': 'horizontalLayout__11__', 'layout_b_obj': '', 'info': '404:薬剤式トイレ: 数量を入力（薬剤式トイレ）', 'is_rept': False, 'is_show': True, 'list_item': 0, 'name': '404:薬剤式トイレ', 'replace_keys': 0, 'replace_values': 0, 'is_b_line_show': True, 'length': 0, 'min_max': 0, 're': '', 'remarks': 0},
... A261: ="{"&_xlfn.TEXTJOIN(", ",TRUE,calcu2!A261:AZ261)&"}," -> {},

Sheet calcu1
A1: {=変換前のテーブル[#Headers]} -> index | B1: display_name | C1: data_type | D1: label_name | E1: line_edit_name | F1: is_last | G1: line_edit_obj | H1: ime_mode | I1: pn_auto_input | J1: text_conversion | K1: label_obj | L1: frame_a_obj | M1: frame_a_name | N1: frame_b_obj | O1: frame_b_name | P1: layout_a_name | Q1: layout_a_obj | R1: layout_b_name | S1: layout_b_obj | T1: info | U1: is_rept | V1: is_show | W1: list_item | X1: name | Y1: replace_keys | Z1: replace_values | AA1: is_b_line_show | AB1: length | AC1: min_max | AD1: re | AE1: remarks
A2: {=_xlfn.LET(_xlpm._HasQuote, _xlfn.XLOOKUP(A$1,_xlfn.ANCHORARRAY(config!$U$5),_xlfn.ANCHORARRAY(config!$V$5),FALSE), _xlpm._Indirect, INDIRECT("変換前のテーブル[["&A$1&"]]"), _xlpm._Result, IF(_xlpm._HasQuote,"'"&_xlpm._Indirect&"'",_xlpm._Indirect), _xlpm._Result )} -> 0 | B2: {=_xlfn.LET(_xlpm._HasQuote, _xlfn.XLOOKUP(B$1,_xlfn.ANCHORARRAY(config!$U$5),_xlfn.ANCHORARRAY(config!$V$5),FALSE), _xlpm._Indirect, INDIRECT("変換前のテーブル[["&B$1&"]]"), _xlpm._Result, IF(_xlpm._HasQuote,"'"&_xlpm._Indirect&"'",_xlpm._Indirect), _xlpm._Result )} -> 'ID:' | C2: {=_xlfn.LET(_xlpm._HasQuote, _xlfn.XLOOKUP(C$1,_xlfn.ANCHORARRAY(config!$U$5),_xlfn.ANCHORARRAY(config!$V$5),FALSE), _xlpm._Indirect, INDIRECT("変換前のテーブル[["&C$1&"]]"), _xlpm._Result, IF(_xlpm._HasQuote,"'"&_xlpm._Indirect&"'",_xlpm._Indirect), _xlpm._Result )} -> 'hankaku-eisu-kuromaru_lenjust' | D2: {=_xlfn.LET(_xlpm._HasQuote, _xlfn.XLOOKUP(D$1,_xlfn.ANCHORARRAY(config!$U$5),_xlfn.ANCHORARRAY(config!$V$5),FALSE), _xlpm._Indirect, INDIRECT("変換前のテーブル[["&D$1&"]]"), _xlpm._Result, IF(_xlpm._HasQuote,"'"&_xlpm._Indirect&"'",_xlpm._Indirect), _xlpm._Result )} -> 'label_0_' | E2: {=_xlfn.LET(_xlpm._HasQuote, _xlfn.XLOOKUP(E$1,_xlfn.ANCHORARRAY(config!$U$5),_xlfn.ANCHORARRAY(config!$V$5),FALSE), _xlpm._Indirect, INDIRECT("変換前のテーブル[["&E$1&"]]"), _xlpm._Result, IF(_xlpm._HasQuote,"'"&_xlpm._Indirect&"'",_xlpm._Indirect), _xlpm._Result )} -> 'lineEdit_0_' | F2: {=_xlfn.LET(_xlpm._HasQuote, _xlfn.XLOOKUP(F$1,_xlfn.ANCHORARRAY(config!$U$5),_xlfn.ANCHORARRAY(config!$V$5),FALSE), _xlpm._Indirect, INDIRECT("変換前のテーブル[["&F$1&"]]"), _xlpm._Result, IF(_xlpm._HasQuote,"'"&_xlpm._Indirect&"'",_xlpm._Indirect), _xlpm._Result )} -> -1 | G2: {=_xlfn.LET(_xlpm._HasQuote, _xlfn.XLOOKUP(G$1,_xlfn.ANCHORARRAY(config!$U$5),_xlfn.ANCHORARRAY(config!$V$5),FALSE), _xlpm._Indirect, INDIRECT("変換前のテーブル[["&G$1&"]]"), _xlpm._Result, IF(_xlpm._HasQuote,"'"&_xlpm._Indirect&"'",_xlpm._Indirect), _xlpm._Result )} -> '' | H2: {=_xlfn.LET(_xlpm._HasQuote, _xlfn.XLOOKUP(H$1,_xlfn.ANCHORARRAY(config!$U$5),_xlfn.ANCHORARRAY(config!$V$5),FALSE), _xlpm._Indirect, INDIRECT("変換前のテーブル[["&H$1&"]]"), _xlpm._Result, IF(_xlpm._HasQuote,"'"&_xlpm._Indirect&"'",_xlpm._Indirect), _xlpm._Result )} -> 'en' | ... AM2: {=_xlfn.LET(_xlpm._HasQuote, _xlfn.XLOOKUP(AM$1,_xlfn.ANCHORARRAY(config!$U$5),_xlfn.ANCHORARRAY(config!$V$5),FALSE), _xlpm._Indirect, INDIRECT("変換前のテーブル[["&AM$1&"]]"), _xlpm._Result, IF(_xlpm._HasQuote,"'"&_xlpm._Indirect&"'",_xlpm._Indirect), _xlpm._Result )} -> #REF!
A3: 1 | B3: '登録情報:' | C3: 'hankaku-eisu-kuromaru' | D3: 'label_1_' | E3: 'lineEdit_1_' | F3: 0 | G3: '' | H3: 'en' | I3: 'null' | J3: '' | K3: '' | L3: '' | M3: 'frame_0_' | N3: '' | O3: 'frame__1__' | P3: 'horizontalLayout_0_' | Q3: '' | R3: 'horizontalLayout__1__' | S3: '' | T3: '登録情報: 変更なし=1 変更あり=2' | U3: False | V3: True | W3: 0 | X3: '登録情報' | Y3: 0 | Z3: 0 | AA3: 0 | AB3: 0 | AC3: 0 | AD3: '' | AE3: 0
A4: 2 | B4: '郵便番号:' | C4: 'hankaku-eisu-kuromaru' | D4: 'label_2_' | E4: 'lineEdit_2_' | F4: 0 | G4: '' | H4: 'en' | I4: 'postnum' | J4: 'han' | K4: '' | L4: '' | M4: 'frame_0_' | N4: '' | O4: 'frame__2__' | P4: 'horizontalLayout_1_' | Q4: '' | R4: 'horizontalLayout__2__' | S4: '' | T4: '郵便番号: ハイフンなし7桁' | U4: False | V4: True | W4: 0 | X4: '郵便番号' | Y4: 0 | Z4: 0 | AA4: True | AB4: 0 | AC4: 0 | AD4: '' | AE4: 0
A5: 3 | B5: '都道府県:' | C5: 'str' | D5: 'label_3_' | E5: 'lineEdit_3_' | F5: 0 | G5: '' | H5: 'jp' | I5: 'pref' | J5: 'han-ans' | K5: '' | L5: '' | M5: 'frame_1_' | N5: '' | O5: 'frame__3__' | P5: 'horizontalLayout_1_' | Q5: '' | R5: 'horizontalLayout__3__' | S5: '' | T5: '都道府県: ' | U5: False | V5: True | W5: 0 | X5: '都道府県' | Y5: 0 | Z5: 0 | AA5: 0 | AB5: 0 | AC5: 0 | AD5: '' | AE5: 0
A6: 4 | B6: '市区町村:' | C6: 'str' | D6: 'label_4_' | E6: 'lineEdit_4_' | F6: 0 | G6: '' | H6: 'jp' | I6: 'city' | J6: 'han-ans' | K6: '' | L6: '' | M6: 'frame_1_' | N6: '' | O6: 'frame__4__' | P6: 'horizontalLayout_1_' | Q6: '' | R6: 'horizontalLayout__4__' | S6: '' | T6: '市区町村: ' | U6: False | V6: True | W6: 0 | X6: '市区町村' | Y6: 0 | Z6: 0 | AA6: 0 | AB6: 0 | AC6: 0 | AD6: '' | AE6: 0
A7: 5 | B7: '町域番地:' | C7: 'str' | D7: 'label_5_' | E7: 'lineEdit_5_' | F7: 0 | G7: '' | H7: 'jp' | I7: 'town' | J7: 'han-ans' | K7: '' | L7: '' | M7: 'frame_1_' | N7: '' | O7: 'frame__5__' | P7: 'horizontalLayout_2_' | Q7: '' | R7: 'horizontalLayout__5__' | S7: '' | T7: '町域番地: ' | U7: False | V7: True | W7: 0 | X7: '町域番地' | Y7: 0 | Z7: 0 | AA7: 0 | AB7: 0 | AC7: 0 | AD7: '' | AE7: 0
A8: 6 | B8: '建物:' | C8: 'str' | D8: 'label_6_' | E8: 'lineEdit_6_' | F8: 0 | G8: '' | H8: 'jp' | I8: 'null' | J8: 'han-ans' | K8: '' | L8: '' | M8: 'frame_2_' | N8: '' | O8: 'frame__6__' | P8: 'horizontalLayout_2_' | Q8: '' | R8: 'horizontalLayout__6__' | S8: '' | T8: '建物: ' | U8: False | V8: True | W8: 0 | X8: '建物' | Y8: 0 | Z8: 0 | AA8: 0 | AB8: 0 | AC8: 0 | AD8: '' | AE8: 0
A9: 7 | B9: '氏名かな:' | C9: 'str' | D9: 'label_7_' | E9: 'lineEdit_7_' | F9: 0 | G9: '' | H9: 'jp' | I9: 'null' | J9: '' | K9: '' | L9: '' | M9: 'frame_2_' | N9: '' | O9: 'frame__7__' | P9: 'horizontalLayout_3_' | Q9: '' | R9: 'horizontalLayout__7__' | S9: '' | T9: '氏名かな: ひらがな スペースあり' | U9: False | V9: True | W9: 0 | X9: '氏名かな' | Y9: 0 | Z9: 0 | AA9: True | AB9: 0 | AC9: 0 | AD9: '' | AE9: 0
A10: 8 | B10: '氏名:' | C10: 'str' | D10: 'label_8_' | E10: 'lineEdit_8_' | F10: 0 | G10: '' | H10: 'jp' | I10: 'null' | J10: '' | K10: '' | L10: '' | M10: 'frame_2_' | N10: '' | O10: 'frame__8__' | P10: 'horizontalLayout_3_' | Q10: '' | R10: 'horizontalLayout__8__' | S10: '' | T10: '氏名: スペースあり' | U10: False | V10: True | W10: 0 | X10: '氏名' | Y10: 0 | Z10: 0 | AA10: 0 | AB10: 0 | AC10: 0 | AD10: '' | AE10: 0
A11: 9 | B11: '電話番号:' | C11: 'hankaku-eisu-kuromaru_lenrange' | D11: 'label_9_' | E11: 'lineEdit_9_' | F11: 0 | G11: '' | H11: 'en' | I11: 'null' | J11: 'han' | K11: '' | L11: '' | M11: 'frame_3_' | N11: '' | O11: 'frame__9__' | P11: 'horizontalLayout_3_' | Q11: '' | R11: 'horizontalLayout__9__' | S11: '' | T11: '電話番号: ハイフンなし 桁数:10～11' | U11: False | V11: True | W11: 0 | X11: '電話番号' | Y11: 0 | Z11: 0 | AA11: True | AB11: [10, 11] | AC11: 0 | AD11: '' | AE11: 0
A12: 10 | B12: '防災カルタ:' | C12: 'hankaku-eisu-kuromaru' | D12: 'label_10_' | E12: 'lineEdit_10_' | F12: 0 | G12: '' | H12: 'en' | I12: 'null' | J12: 'han' | K12: '' | L12: '' | M12: 'frame_3_' | N12: '' | O12: 'frame__10__' | P12: 'horizontalLayout_3_' | Q12: '' | R12: 'horizontalLayout__10__' | S12: '' | T12: '防災カルタ: 申し込む=1 不要=2' | U12: False | V12: True | W12: 0 | X12: '防災カルタ' | Y12: 0 | Z12: 0 | AA12: 0 | AB12: 0 | AC12: 0 | AD12: '' | AE12: 0
A13: 11 | B13: '404:薬剤式トイレ:' | C13: 'hankaku-eisu-kuromaru' | D13: 'label_11_' | E13: 'lineEdit_11_' | F13: 0 | G13: '' | H13: 'en' | I13: 'null' | J13: 'han' | K13: '' | L13: '' | M13: 'frame_3_' | N13: '' | O13: 'frame__11__' | P13: 'horizontalLayout_4_' | Q13: '' | R13: 'horizontalLayout__11__' | S13: '' | T13: '404:薬剤式トイレ: 数量を入力（薬剤式トイレ）' | U13: False | V13: True | W13: 0 | X13: '404:薬剤式トイレ' | Y13: 0 | Z13: 0 | AA13: True | AB13: 0 | AC13: 0 | AD13: '' | AE13: 0
A14: 12 | B14: '225:備蓄ランタン:' | C14: 'hankaku-eisu-kuromaru' | D14: 'label_12_' | E14: 'lineEdit_12_' | F14: 0 | G14: '' | H14: 'en' | I14: 'null' | J14: 'han' | K14: '' | L14: '' | M14: 'frame_4_' | N14: '' | O14: 'frame__12__' | P14: 'horizontalLayout_4_' | Q14: '' | R14: 'horizontalLayout__12__' | S14: '' | T14: '225:備蓄ランタン: 数量を入力（備蓄ランタン）' | U14: False | V14: True | W14: 0 | X14: '225:備蓄ランタン' | Y14: 0 | Z14: 0 | AA14: 0 | AB14: 0 | AC14: 0 | AD14: '' | AE14: 0
A15: 13 | B15: '512:彩り主食:' | C15: 'hankaku-eisu-kuromaru' | D15: 'label_13_' | E15: 'lineEdit_13_' | F15: 0 | G15: '' | H15: 'en' | I15: 'null' | J15: 'han' | K15: '' | L15: '' | M15: 'frame_4_' | N15: '' | O15: 'frame__13__' | P15: 'horizontalLayout_4_' | Q15: '' | R15: 'horizontalLayout__13__' | S15: '' | T15: '512:彩り主食: 数量を入力（彩り主食）' | U15: False | V15: True | W15: 0 | X15: '512:彩り主食' | Y15: 0 | Z15: 0 | AA15: 0 | AB15: 0 | AC15: 0 | AD15: '' | AE15: 0
A16: 14 | B16: '411&415:全身きれい:' | C16: 'hankaku-eisu-kuromaru' | D16: 'label_14_' | E16: 'lineEdit_14_' | F16: 1 | G16: '' | H16: 'en' | I16: 'null' | J16: 'han' | K16: '' | L16: '' | M16: 'frame_4_' | N16: '' | O16: 'frame__14__' | P16: 'horizontalLayout_4_' | Q16: '' | R16: 'horizontalLayout__14__' | S16: '' | T16: '411&415:全身きれい: 数量を入力（全身きれい・歯みがき）' | U16: False | V16: True | W16: 0 | X16: '411&415:全身きれい' | Y16: 0 | Z16: 0 | AA16: 0 | AB16: 0 | AC16: 0 | AD16: '' | AE16: 0

Sheet calcu2
A2: {=_xlfn.LET( _xlpm._col, COLUMN(), _xlpm._n, IF(_xlpm._col<=26, 1, 2), IFERROR(IF(INDIRECT("calcu1!"&ADDRESS(ROW(),COLUMN()))<>"", "'" & INDIRECT( "calcu1!" & LEFT(ADDRESS(ROW(), COLUMN(),4 ), _xlpm._n) & "$1" ) & "'" & ": " & INDIRECT("calcu1!"&ADDRESS(ROW(),COLUMN())), ""),"") )} -> 'index': 0 | B2: {=_xlfn.LET( _xlpm._col, COLUMN(), _xlpm._n, IF(_xlpm._col<=26, 1, 2), IFERROR(IF(INDIRECT("calcu1!"&ADDRESS(ROW(),COLUMN()))<>"", "'" & INDIRECT( "calcu1!" & LEFT(ADDRESS(ROW(), COLUMN(),4 ), _xlpm._n) & "$1" ) & "'" & ": " & INDIRECT("calcu1!"&ADDRESS(ROW(),COLUMN())), ""),"") )} -> 'display_name': 'ID:' | C2: {=_xlfn.LET( _xlpm._col, COLUMN(), _xlpm._n, IF(_xlpm._col<=26, 1, 2), IFERROR(IF(INDIRECT("calcu1!"&ADDRESS(ROW(),COLUMN()))<>"", "'" & INDIRECT( "calcu1!" & LEFT(ADDRESS(ROW(), COLUMN(),4 ), _xlpm._n) & "$1" ) & "'" & ": " & INDIRECT("calcu1!"&ADDRESS(ROW(),COLUMN())), ""),"") )} -> 'data_type': 'hankaku-eisu-kuromaru_lenjust' | D2: {=_xlfn.LET( _xlpm._col, COLUMN(), _xlpm._n, IF(_xlpm._col<=26, 1, 2), IFERROR(IF(INDIRECT("calcu1!"&ADDRESS(ROW(),COLUMN()))<>"", "'" & INDIRECT( "calcu1!" & LEFT(ADDRESS(ROW(), COLUMN(),4 ), _xlpm._n) & "$1" ) & "'" & ": " & INDIRECT("calcu1!"&ADDRESS(ROW(),COLUMN())), ""),"") )} -> 'label_name': 'label_0_' | E2: {=_xlfn.LET( _xlpm._col, COLUMN(), _xlpm._n, IF(_xlpm._col<=26, 1, 2), IFERROR(IF(INDIRECT("calcu1!"&ADDRESS(ROW(),COLUMN()))<>"", "'" & INDIRECT( "calcu1!" & LEFT(ADDRESS(ROW(), COLUMN(),4 ), _xlpm._n) & "$1" ) & "'" & ": " & INDIRECT("calcu1!"&ADDRESS(ROW(),COLUMN())), ""),"") )} -> 'line_edit_name': 'lineEdit_0_' | F2: {=_xlfn.LET( _xlpm._col, COLUMN(), _xlpm._n, IF(_xlpm._col<=26, 1, 2), IFERROR(IF(INDIRECT("calcu1!"&ADDRESS(ROW(),COLUMN()))<>"", "'" & INDIRECT( "calcu1!" & LEFT(ADDRESS(ROW(), COLUMN(),4 ), _xlpm._n) & "$1" ) & "'" & ": " & INDIRECT("calcu1!"&ADDRESS(ROW(),COLUMN())), ""),"") )} -> 'is_last': -1 | G2: {=_xlfn.LET( _xlpm._col, COLUMN(), _xlpm._n, IF(_xlpm._col<=26, 1, 2), IFERROR(IF(INDIRECT("calcu1!"&ADDRESS(ROW(),COLUMN()))<>"", "'" & INDIRECT( "calcu1!" & LEFT(ADDRESS(ROW(), COLUMN(),4 ), _xlpm._n) & "$1" ) & "'" & ": " & INDIRECT("calcu1!"&ADDRESS(ROW(),COLUMN())), ""),"") )} -> 'line_edit_obj': '' | H2: {=_xlfn.LET( _xlpm._col, COLUMN(), _xlpm._n, IF(_xlpm._col<=26, 1, 2), IFERROR(IF(INDIRECT("calcu1!"&ADDRESS(ROW(),COLUMN()))<>"", "'" & INDIRECT( "calcu1!" & LEFT(ADDRESS(ROW(), COLUMN(),4 ), _xlpm._n) & "$1" ) & "'" & ": " & INDIRECT("calcu1!"&ADDRESS(ROW(),COLUMN())), ""),"") )} -> 'ime_mode': 'en' | ... AE2: {=_xlfn.LET( _xlpm._col, COLUMN(), _xlpm._n, IF(_xlpm._col<=26, 1, 2), IFERROR(IF(INDIRECT("calcu1!"&ADDRESS(ROW(),COLUMN()))<>"", "'" & INDIRECT( "calcu1!" & LEFT(ADDRESS(ROW(), COLUMN(),4 ), _xlpm._n) & "$1" ) & "'" & ": " & INDIRECT("calcu1!"&ADDRESS(ROW(),COLUMN())), ""),"") )} -> 'remarks': 0
A3: {=_xlfn.LET( _xlpm._col, COLUMN(), _xlpm._n, IF(_xlpm._col<=26, 1, 2), IFERROR(IF(INDIRECT("calcu1!"&ADDRESS(ROW(),COLUMN()))<>"", "'" & INDIRECT( "calcu1!" & LEFT(ADDRESS(ROW(), COLUMN(),4 ), _xlpm._n) & "$1" ) & "'" & ": " & INDIRECT("calcu1!"&ADDRESS(ROW(),COLUMN())), ""),"") )} -> 'index': 1 | B3: {=_xlfn.LET( _xlpm._col, COLUMN(), _xlpm._n, IF(_xlpm._col<=26, 1, 2), IFERROR(IF(INDIRECT("calcu1!"&ADDRESS(ROW(),COLUMN()))<>"", "'" & INDIRECT( "calcu1!" & LEFT(ADDRESS(ROW(), COLUMN(),4 ), _xlpm._n) & "$1" ) & "'" & ": " & INDIRECT("calcu1!"&ADDRESS(ROW(),COLUMN())), ""),"") )} -> 'display_name': '登録情報:' | C3: {=_xlfn.LET( _xlpm._col, COLUMN(), _xlpm._n, IF(_xlpm._col<=26, 1, 2), IFERROR(IF(INDIRECT("calcu1!"&ADDRESS(ROW(),COLUMN()))<>"", "'" & INDIRECT( "calcu1!" & LEFT(ADDRESS(ROW(), COLUMN(),4 ), _xlpm._n) & "$1" ) & "'" & ": " & INDIRECT("calcu1!"&ADDRESS(ROW(),COLUMN())), ""),"") )} -> 'data_type': 'hankaku-eisu-kuromaru' | D3: {=_xlfn.LET( _xlpm._col, COLUMN(), _xlpm._n, IF(_xlpm._col<=26, 1, 2), IFERROR(IF(INDIRECT("calcu1!"&ADDRESS(ROW(),COLUMN()))<>"", "'" & INDIRECT( "calcu1!" & LEFT(ADDRESS(ROW(), COLUMN(),4 ), _xlpm._n) & "$1" ) & "'" & ": " & INDIRECT("calcu1!"&ADDRESS(ROW(),COLUMN())), ""),"") )} -> 'label_name': 'label_1_' | E3: {=_xlfn.LET( _xlpm._col, COLUMN(), _xlpm._n, IF(_xlpm._col<=26, 1, 2), IFERROR(IF(INDIRECT("calcu1!"&ADDRESS(ROW(),COLUMN()))<>"", "'" & INDIRECT( "calcu1!" & LEFT(ADDRESS(ROW(), COLUMN(),4 ), _xlpm._n) & "$1" ) & "'" & ": " & INDIRECT("calcu1!"&ADDRESS(ROW(),COLUMN())), ""),"") )} -> 'line_edit_name': 'lineEdit_1_' | F3: {=_xlfn.LET( _xlpm._col, COLUMN(), _xlpm._n, IF(_xlpm._col<=26, 1, 2), IFERROR(IF(INDIRECT("calcu1!"&ADDRESS(ROW(),COLUMN()))<>"", "'" & INDIRECT( "calcu1!" & LEFT(ADDRESS(ROW(), COLUMN(),4 ), _xlpm._n) & "$1" ) & "'" & ": " & INDIRECT("calcu1!"&ADDRESS(ROW(),COLUMN())), ""),"") )} -> 'is_last': 0 | G3: {=_xlfn.LET( _xlpm._col, COLUMN(), _xlpm._n, IF(_xlpm._col<=26, 1, 2), IFERROR(IF(INDIRECT("calcu1!"&ADDRESS(ROW(),COLUMN()))<>"", "'" & INDIRECT( "calcu1!" & LEFT(ADDRESS(ROW(), COLUMN(),4 ), _xlpm._n) & "$1" ) & "'" & ": " & INDIRECT("calcu1!"&ADDRESS(ROW(),COLUMN())), ""),"") )} -> 'line_edit_obj': '' | H3: {=_xlfn.LET( _xlpm._col, COLUMN(), _xlpm._n, IF(_xlpm._col<=26, 1, 2), IFERROR(IF(INDIRECT("calcu1!"&ADDRESS(ROW(),COLUMN()))<>"", "'" & INDIRECT( "calcu1!" & LEFT(ADDRESS(ROW(), COLUMN(),4 ), _xlpm._n) & "$1" ) & "'" & ": " & INDIRECT("calcu1!"&ADDRESS(ROW(),COLUMN())), ""),"") )} -> 'ime_mode': 'en' | ... AE3: {=_xlfn.LET( _xlpm._col, COLUMN(), _xlpm._n, IF(_xlpm._col<=26, 1, 2), IFERROR(IF(INDIRECT("calcu1!"&ADDRESS(ROW(),COLUMN()))<>"", "'" & INDIRECT( "calcu1!" & LEFT(ADDRESS(ROW(), COLUMN(),4 ), _xlpm._n) & "$1" ) & "'" & ": " & INDIRECT("calcu1!"&ADDRESS(ROW(),COLUMN())), ""),"") )} -> 'remarks': 0
A4: {=_xlfn.LET( _xlpm._col, COLUMN(), _xlpm._n, IF(_xlpm._col<=26, 1, 2), IFERROR(IF(INDIRECT("calcu1!"&ADDRESS(ROW(),COLUMN()))<>"", "'" & INDIRECT( "calcu1!" & LEFT(ADDRESS(ROW(), COLUMN(),4 ), _xlpm._n) & "$1" ) & "'" & ": " & INDIRECT("calcu1!"&ADDRESS(ROW(),COLUMN())), ""),"") )} -> 'index': 2 | B4: {=_xlfn.LET( _xlpm._col, COLUMN(), _xlpm._n, IF(_xlpm._col<=26, 1, 2), IFERROR(IF(INDIRECT("calcu1!"&ADDRESS(ROW(),COLUMN()))<>"", "'" & INDIRECT( "calcu1!" & LEFT(ADDRESS(ROW(), COLUMN(),4 ), _xlpm._n) & "$1" ) & "'" & ": " & INDIRECT("calcu1!"&ADDRESS(ROW(),COLUMN())), ""),"") )} -> 'display_name': '郵便番号:' | C4: {=_xlfn.LET( _xlpm._col, COLUMN(), _xlpm._n, IF(_xlpm._col<=26, 1, 2), IFERROR(IF(INDIRECT("calcu1!"&ADDRESS(ROW(),COLUMN()))<>"", "'" & INDIRECT( "calcu1!" & LEFT(ADDRESS(ROW(), COLUMN(),4 ), _xlpm._n) & "$1" ) & "'" & ": " & INDIRECT("calcu1!"&ADDRESS(ROW(),COLUMN())), ""),"") )} -> 'data_type': 'hankaku-eisu-kuromaru' | D4: {=_xlfn.LET( _xlpm._col, COLUMN(), _xlpm._n, IF(_xlpm._col<=26, 1, 2), IFERROR(IF(INDIRECT("calcu1!"&ADDRESS(ROW(),COLUMN()))<>"", "'" & INDIRECT( "calcu1!" & LEFT(ADDRESS(ROW(), COLUMN(),4 ), _xlpm._n) & "$1" ) & "'" & ": " & INDIRECT("calcu1!"&ADDRESS(ROW(),COLUMN())), ""),"") )} -> 'label_name': 'label_2_' | E4: {=_xlfn.LET( _xlpm._col, COLUMN(), _xlpm._n, IF(_xlpm._col<=26, 1, 2), IFERROR(IF(INDIRECT("calcu1!"&ADDRESS(ROW(),COLUMN()))<>"", "'" & INDIRECT( "calcu1!" & LEFT(ADDRESS(ROW(), COLUMN(),4 ), _xlpm._n) & "$1" ) & "'" & ": " & INDIRECT("calcu1!"&ADDRESS(ROW(),COLUMN())), ""),"") )} -> 'line_edit_name': 'lineEdit_2_' | F4: {=_xlfn.LET( _xlpm._col, COLUMN(), _xlpm._n, IF(_xlpm._col<=26, 1, 2), IFERROR(IF(INDIRECT("calcu1!"&ADDRESS(ROW(),COLUMN()))<>"", "'" & INDIRECT( "calcu1!" & LEFT(ADDRESS(ROW(), COLUMN(),4 ), _xlpm._n) & "$1" ) & "'" & ": " & INDIRECT("calcu1!"&ADDRESS(ROW(),COLUMN())), ""),"") )} -> 'is_last': 0 | G4: {=_xlfn.LET( _xlpm._col, COLUMN(), _xlpm._n, IF(_xlpm._col<=26, 1, 2), IFERROR(IF(INDIRECT("calcu1!"&ADDRESS(ROW(),COLUMN()))<>"", "'" & INDIRECT( "calcu1!" & LEFT(ADDRESS(ROW(), COLUMN(),4 ), _xlpm._n) & "$1" ) & "'" & ": " & INDIRECT("calcu1!"&ADDRESS(ROW(),COLUMN())), ""),"") )} -> 'line_edit_obj': '' | H4: {=_xlfn.LET( _xlpm._col, COLUMN(), _xlpm._n, IF(_xlpm._col<=26, 1, 2), IFERROR(IF(INDIRECT("calcu1!"&ADDRESS(ROW(),COLUMN()))<>"", "'" & INDIRECT( "calcu1!" & LEFT(ADDRESS(ROW(), COLUMN(),4 ), _xlpm._n) & "$1" ) & "'" & ": " & INDIRECT("calcu1!"&ADDRESS(ROW(),COLUMN())), ""),"") )} -> 'ime_mode': 'en' | ... AE4: {=_xlfn.LET( _xlpm._col, COLUMN(), _xlpm._n, IF(_xlpm._col<=26, 1, 2), IFERROR(IF(INDIRECT("calcu1!"&ADDRESS(ROW(),COLUMN()))<>"", "'" & INDIRECT( "calcu1!" & LEFT(ADDRESS(ROW(), COLUMN(),4 ), _xlpm._n) & "$1" ) & "'" & ": " & INDIRECT("calcu1!"&ADDRESS(ROW(),COLUMN())), ""),"") )} -> 'remarks': 0
A5: {=_xlfn.LET( _xlpm._col, COLUMN(), _xlpm._n, IF(_xlpm._col<=26, 1, 2), IFERROR(IF(INDIRECT("calcu1!"&ADDRESS(ROW(),COLUMN()))<>"", "'" & INDIRECT( "calcu1!" & LEFT(ADDRESS(ROW(), COLUMN(),4 ), _xlpm._n) & "$1" ) & "'" & ": " & INDIRECT("calcu1!"&ADDRESS(ROW(),COLUMN())), ""),"") )} -> 'index': 3 | B5: {=_xlfn.LET( _xlpm._col, COLUMN(), _xlpm._n, IF(_xlpm._col<=26, 1, 2), IFERROR(IF(INDIRECT("calcu1!"&ADDRESS(ROW(),COLUMN()))<>"", "'" & INDIRECT( "calcu1!" & LEFT(ADDRESS(ROW(), COLUMN(),4 ), _xlpm._n) & "$1" ) & "'" & ": " & INDIRECT("calcu1!"&ADDRESS(ROW(),COLUMN())), ""),"") )} -> 'display_name': '都道府県:' | C5: {=_xlfn.LET( _xlpm._col, COLUMN(), _xlpm._n, IF(_xlpm._col<=26, 1, 2), IFERROR(IF(INDIRECT("calcu1!"&ADDRESS(ROW(),COLUMN()))<>"", "'" & INDIRECT( "calcu1!" & LEFT(ADDRESS(ROW(), COLUMN(),4 ), _xlpm._n) & "$1" ) & "'" & ": " & INDIRECT("calcu1!"&ADDRESS(ROW(),COLUMN())), ""),"") )} -> 'data_type': 'str' | D5: {=_xlfn.LET( _xlpm._col, COLUMN(), _xlpm._n, IF(_xlpm._col<=26, 1, 2), IFERROR(IF(INDIRECT("calcu1!"&ADDRESS(ROW(),COLUMN()))<>"", "'" & INDIRECT( "calcu1!" & LEFT(ADDRESS(ROW(), COLUMN(),4 ), _xlpm._n) & "$1" ) & "'" & ": " & INDIRECT("calcu1!"&ADDRESS(ROW(),COLUMN())), ""),"") )} -> 'label_name': 'label_3_' | E5: {=_xlfn.LET( _xlpm._col, COLUMN(), _xlpm._n, IF(_xlpm._col<=26, 1, 2), IFERROR(IF(INDIRECT("calcu1!"&ADDRESS(ROW(),COLUMN()))<>"", "'" & INDIRECT( "calcu1!" & LEFT(ADDRESS(ROW(), COLUMN(),4 ), _xlpm._n) & "$1" ) & "'" & ": " & INDIRECT("calcu1!"&ADDRESS(ROW(),COLUMN())), ""),"") )} -> 'line_edit_name': 'lineEdit_3_' | F5: {=_xlfn.LET( _xlpm._col, COLUMN(), _xlpm._n, IF(_xlpm._col<=26, 1, 2), IFERROR(IF(INDIRECT("calcu1!"&ADDRESS(ROW(),COLUMN()))<>"", "'" & INDIRECT( "calcu1!" & LEFT(ADDRESS(ROW(), COLUMN(),4 ), _xlpm._n) & "$1" ) & "'" & ": " & INDIRECT("calcu1!"&ADDRESS(ROW(),COLUMN())), ""),"") )} -> 'is_last': 0 | G5: {=_xlfn.LET( _xlpm._col, COLUMN(), _xlpm._n, IF(_xlpm._col<=26, 1, 2), IFERROR(IF(INDIRECT("calcu1!"&ADDRESS(ROW(),COLUMN()))<>"", "'" & INDIRECT( "calcu1!" & LEFT(ADDRESS(ROW(), COLUMN(),4 ), _xlpm._n) & "$1" ) & "'" & ": " & INDIRECT("calcu1!"&ADDRESS(ROW(),COLUMN())), ""),"") )} -> 'line_edit_obj': '' | H5: {=_xlfn.LET( _xlpm._col, COLUMN(), _xlpm._n, IF(_xlpm._col<=26, 1, 2), IFERROR(IF(INDIRECT("calcu1!"&ADDRESS(ROW(),COLUMN()))<>"", "'" & INDIRECT( "calcu1!" & LEFT(ADDRESS(ROW(), COLUMN(),4 ), _xlpm._n) & "$1" ) & "'" & ": " & INDIRECT("calcu1!"&ADDRESS(ROW(),COLUMN())), ""),"") )} -> 'ime_mode': 'jp' | ... AE5: {=_xlfn.LET( _xlpm._col, COLUMN(), _xlpm._n, IF(_xlpm._col<=26, 1, 2), IFERROR(IF(INDIRECT("calcu1!"&ADDRESS(ROW(),COLUMN()))<>"", "'" & INDIRECT( "calcu1!" & LEFT(ADDRESS(ROW(), COLUMN(),4 ), _xlpm._n) & "$1" ) & "'" & ": " & INDIRECT("calcu1!"&ADDRESS(ROW(),COLUMN())), ""),"") )} -> 'remarks': 0
A6: {=_xlfn.LET( _xlpm._col, COLUMN(), _xlpm._n, IF(_xlpm._col<=26, 1, 2), IFERROR(IF(INDIRECT("calcu1!"&ADDRESS(ROW(),COLUMN()))<>"", "'" & INDIRECT( "calcu1!" & LEFT(ADDRESS(ROW(), COLUMN(),4 ), _xlpm._n) & "$1" ) & "'" & ": " & INDIRECT("calcu1!"&ADDRESS(ROW(),COLUMN())), ""),"") )} -> 'index': 4 | B6: {=_xlfn.LET( _xlpm._col, COLUMN(), _xlpm._n, IF(_xlpm._col<=26, 1, 2), IFERROR(IF(INDIRECT("calcu1!"&ADDRESS(ROW(),COLUMN()))<>"", "'" & INDIRECT( "calcu1!" & LEFT(ADDRESS(ROW(), COLUMN(),4 ), _xlpm._n) & "$1" ) & "'" & ": " & INDIRECT("calcu1!"&ADDRESS(ROW(),COLUMN())), ""),"") )} -> 'display_name': '市区町村:' | C6: {=_xlfn.LET( _xlpm._col, COLUMN(), _xlpm._n, IF(_xlpm._col<=26, 1, 2), IFERROR(IF(INDIRECT("calcu1!"&ADDRESS(ROW(),COLUMN()))<>"", "'" & INDIRECT( "calcu1!" & LEFT(ADDRESS(ROW(), COLUMN(),4 ), _xlpm._n) & "$1" ) & "'" & ": " & INDIRECT("calcu1!"&ADDRESS(ROW(),COLUMN())), ""),"") )} -> 'data_type': 'str' | D6: {=_xlfn.LET( _xlpm._col, COLUMN(), _xlpm._n, IF(_xlpm._col<=26, 1, 2), IFERROR(IF(INDIRECT("calcu1!"&ADDRESS(ROW(),COLUMN()))<>"", "'" & INDIRECT( "calcu1!" & LEFT(ADDRESS(ROW(), COLUMN(),4 ), _xlpm._n) & "$1" ) & "'" & ": " & INDIRECT("calcu1!"&ADDRESS(ROW(),COLUMN())), ""),"") )} -> 'label_name': 'label_4_' | E6: {=_xlfn.LET( _xlpm._col, COLUMN(), _xlpm._n, IF(_xlpm._col<=26, 1, 2), IFERROR(IF(INDIRECT("calcu1!"&ADDRESS(ROW(),COLUMN()))<>"", "'" & INDIRECT( "calcu1!" & LEFT(ADDRESS(ROW(), COLUMN(),4 ), _xlpm._n) & "$1" ) & "'" & ": " & INDIRECT("calcu1!"&ADDRESS(ROW(),COLUMN())), ""),"") )} -> 'line_edit_name': 'lineEdit_4_' | F6: {=_xlfn.LET( _xlpm._col, COLUMN(), _xlpm._n, IF(_xlpm._col<=26, 1, 2), IFERROR(IF(INDIRECT("calcu1!"&ADDRESS(ROW(),COLUMN()))<>"", "'" & INDIRECT( "calcu1!" & LEFT(ADDRESS(ROW(), COLUMN(),4 ), _xlpm._n) & "$1" ) & "'" & ": " & INDIRECT("calcu1!"&ADDRESS(ROW(),COLUMN())), ""),"") )} -> 'is_last': 0 | G6: {=_xlfn.LET( _xlpm._col, COLUMN(), _xlpm._n, IF(_xlpm._col<=26, 1, 2), IFERROR(IF(INDIRECT("calcu1!"&ADDRESS(ROW(),COLUMN()))<>"", "'" & INDIRECT( "calcu1!" & LEFT(ADDRESS(ROW(), COLUMN(),4 ), _xlpm._n) & "$1" ) & "'" & ": " & INDIRECT("calcu1!"&ADDRESS(ROW(),COLUMN())), ""),"") )} -> 'line_edit_obj': '' | H6: {=_xlfn.LET( _xlpm._col, COLUMN(), _xlpm._n, IF(_xlpm._col<=26, 1, 2), IFERROR(IF(INDIRECT("calcu1!"&ADDRESS(ROW(),COLUMN()))<>"", "'" & INDIRECT( "calcu1!" & LEFT(ADDRESS(ROW(), COLUMN(),4 ), _xlpm._n) & "$1" ) & "'" & ": " & INDIRECT("calcu1!"&ADDRESS(ROW(),COLUMN())), ""),"") )} -> 'ime_mode': 'jp' | ... AE6: {=_xlfn.LET( _xlpm._col, COLUMN(), _xlpm._n, IF(_xlpm._col<=26, 1, 2), IFERROR(IF(INDIRECT("calcu1!"&ADDRESS(ROW(),COLUMN()))<>"", "'" & INDIRECT( "calcu1!" & LEFT(ADDRESS(ROW(), COLUMN(),4 ), _xlpm._n) & "$1" ) & "'" & ": " & INDIRECT("calcu1!"&ADDRESS(ROW(),COLUMN())), ""),"") )} -> 'remarks': 0
A7: {=_xlfn.LET( _xlpm._col, COLUMN(), _xlpm._n, IF(_xlpm._col<=26, 1, 2), IFERROR(IF(INDIRECT("calcu1!"&ADDRESS(ROW(),COLUMN()))<>"", "'" & INDIRECT( "calcu1!" & LEFT(ADDRESS(ROW(), COLUMN(),4 ), _xlpm._n) & "$1" ) & "'" & ": " & INDIRECT("calcu1!"&ADDRESS(ROW(),COLUMN())), ""),"") )} -> 'index': 5 | B7: {=_xlfn.LET( _xlpm._col, COLUMN(), _xlpm._n, IF(_xlpm._col<=26, 1, 2), IFERROR(IF(INDIRECT("calcu1!"&ADDRESS(ROW(),COLUMN()))<>"", "'" & INDIRECT( "calcu1!" & LEFT(ADDRESS(ROW(), COLUMN(),4 ), _xlpm._n) & "$1" ) & "'" & ": " & INDIRECT("calcu1!"&ADDRESS(ROW(),COLUMN())), ""),"") )} -> 'display_name': '町域番地:' | C7: {=_xlfn.LET( _xlpm._col, COLUMN(), _xlpm._n, IF(_xlpm._col<=26, 1, 2), IFERROR(IF(INDIRECT("calcu1!"&ADDRESS(ROW(),COLUMN()))<>"", "'" & INDIRECT( "calcu1!" & LEFT(ADDRESS(ROW(), COLUMN(),4 ), _xlpm._n) & "$1" ) & "'" & ": " & INDIRECT("calcu1!"&ADDRESS(ROW(),COLUMN())), ""),"") )} -> 'data_type': 'str' | D7: {=_xlfn.LET( _xlpm._col, COLUMN(), _xlpm._n, IF(_xlpm._col<=26, 1, 2), IFERROR(IF(INDIRECT("calcu1!"&ADDRESS(ROW(),COLUMN()))<>"", "'" & INDIRECT( "calcu1!" & LEFT(ADDRESS(ROW(), COLUMN(),4 ), _xlpm._n) & "$1" ) & "'" & ": " & INDIRECT("calcu1!"&ADDRESS(ROW(),COLUMN())), ""),"") )} -> 'label_name': 'label_5_' | E7: {=_xlfn.LET( _xlpm._col, COLUMN(), _xlpm._n, IF(_xlpm._col<=26, 1, 2), IFERROR(IF(INDIRECT("calcu1!"&ADDRESS(ROW(),COLUMN()))<>"", "'" & INDIRECT( "calcu1!" & LEFT(ADDRESS(ROW(), COLUMN(),4 ), _xlpm._n) & "$1" ) & "'" & ": " & INDIRECT("calcu1!"&ADDRESS(ROW(),COLUMN())), ""),"") )} -> 'line_edit_name': 'lineEdit_5_' | F7: {=_xlfn.LET( _xlpm._col, COLUMN(), _xlpm._n, IF(_xlpm._col<=26, 1, 2), IFERROR(IF(INDIRECT("calcu1!"&ADDRESS(ROW(),COLUMN()))<>"", "'" & INDIRECT( "calcu1!" & LEFT(ADDRESS(ROW(), COLUMN(),4 ), _xlpm._n) & "$1" ) & "'" & ": " & INDIRECT("calcu1!"&ADDRESS(ROW(),COLUMN())), ""),"") )} -> 'is_last': 0 | G7: {=_xlfn.LET( _xlpm._col, COLUMN(), _xlpm._n, IF(_xlpm._col<=26, 1, 2), IFERROR(IF(INDIRECT("calcu1!"&ADDRESS(ROW(),COLUMN()))<>"", "'" & INDIRECT( "calcu1!" & LEFT(ADDRESS(ROW(), COLUMN(),4 ), _xlpm._n) & "$1" ) & "'" & ": " & INDIRECT("calcu1!"&ADDRESS(ROW(),COLUMN())), ""),"") )} -> 'line_edit_obj': '' | H7: {=_xlfn.LET( _xlpm._col, COLUMN(), _xlpm._n, IF(_xlpm._col<=26, 1, 2), IFERROR(IF(INDIRECT("calcu1!"&ADDRESS(ROW(),COLUMN()))<>"", "'" & INDIRECT( "calcu1!" & LEFT(ADDRESS(ROW(), COLUMN(),4 ), _xlpm._n) & "$1" ) & "'" & ": " & INDIRECT("calcu1!"&ADDRESS(ROW(),COLUMN())), ""),"") )} -> 'ime_mode': 'jp' | ... AE7: {=_xlfn.LET( _xlpm._col, COLUMN(), _xlpm._n, IF(_xlpm._col<=26, 1, 2), IFERROR(IF(INDIRECT("calcu1!"&ADDRESS(ROW(),COLUMN()))<>"", "'" & INDIRECT( "calcu1!" & LEFT(ADDRESS(ROW(), COLUMN(),4 ), _xlpm._n) & "$1" ) & "'" & ": " & INDIRECT("calcu1!"&ADDRESS(ROW(),COLUMN())), ""),"") )} -> 'remarks': 0
A8: {=_xlfn.LET( _xlpm._col, COLUMN(), _xlpm._n, IF(_xlpm._col<=26, 1, 2), IFERROR(IF(INDIRECT("calcu1!"&ADDRESS(ROW(),COLUMN()))<>"", "'" & INDIRECT( "calcu1!" & LEFT(ADDRESS(ROW(), COLUMN(),4 ), _xlpm._n) & "$1" ) & "'" & ": " & INDIRECT("calcu1!"&ADDRESS(ROW(),COLUMN())), ""),"") )} -> 'index': 6 | B8: {=_xlfn.LET( _xlpm._col, COLUMN(), _xlpm._n, IF(_xlpm._col<=26, 1, 2), IFERROR(IF(INDIRECT("calcu1!"&ADDRESS(ROW(),COLUMN()))<>"", "'" & INDIRECT( "calcu1!" & LEFT(ADDRESS(ROW(), COLUMN(),4 ), _xlpm._n) & "$1" ) & "'" & ": " & INDIRECT("calcu1!"&ADDRESS(ROW(),COLUMN())), ""),"") )} -> 'display_name': '建物:' | C8: {=_xlfn.LET( _xlpm._col, COLUMN(), _xlpm._n, IF(_xlpm._col<=26, 1, 2), IFERROR(IF(INDIRECT("calcu1!"&ADDRESS(ROW(),COLUMN()))<>"", "'" & INDIRECT( "calcu1!" & LEFT(ADDRESS(ROW(), COLUMN(),4 ), _xlpm._n) & "$1" ) & "'" & ": " & INDIRECT("calcu1!"&ADDRESS(ROW(),COLUMN())), ""),"") )} -> 'data_type': 'str' | D8: {=_xlfn.LET( _xlpm._col, COLUMN(), _xlpm._n, IF(_xlpm._col<=26, 1, 2), IFERROR(IF(INDIRECT("calcu1!"&ADDRESS(ROW(),COLUMN()))<>"", "'" & INDIRECT( "calcu1!" & LEFT(ADDRESS(ROW(), COLUMN(),4 ), _xlpm._n) & "$1" ) & "'" & ": " & INDIRECT("calcu1!"&ADDRESS(ROW(),COLUMN())), ""),"") )} -> 'label_name': 'label_6_' | E8: {=_xlfn.LET( _xlpm._col, COLUMN(), _xlpm._n, IF(_xlpm._col<=26, 1, 2), IFERROR(IF(INDIRECT("calcu1!"&ADDRESS(ROW(),COLUMN()))<>"", "'" & INDIRECT( "calcu1!" & LEFT(ADDRESS(ROW(), COLUMN(),4 ), _xlpm._n) & "$1" ) & "'" & ": " & INDIRECT("calcu1!"&ADDRESS(ROW(),COLUMN())), ""),"") )} -> 'line_edit_name': 'lineEdit_6_' | F8: {=_xlfn.LET( _xlpm._col, COLUMN(), _xlpm._n, IF(_xlpm._col<=26, 1, 2), IFERROR(IF(INDIRECT("calcu1!"&ADDRESS(ROW(),COLUMN()))<>"", "'" & INDIRECT( "calcu1!" & LEFT(ADDRESS(ROW(), COLUMN(),4 ), _xlpm._n) & "$1" ) & "'" & ": " & INDIRECT("calcu1!"&ADDRESS(ROW(),COLUMN())), ""),"") )} -> 'is_last': 0 | G8: {=_xlfn.LET( _xlpm._col, COLUMN(), _xlpm._n, IF(_xlpm._col<=26, 1, 2), IFERROR(IF(INDIRECT("calcu1!"&ADDRESS(ROW(),COLUMN()))<>"", "'" & INDIRECT( "calcu1!" & LEFT(ADDRESS(ROW(), COLUMN(),4 ), _xlpm._n) & "$1" ) & "'" & ": " & INDIRECT("calcu1!"&ADDRESS(ROW(),COLUMN())), ""),"") )} -> 'line_edit_obj': '' | H8: {=_xlfn.LET( _xlpm._col, COLUMN(), _xlpm._n, IF(_xlpm._col<=26, 1, 2), IFERROR(IF(INDIRECT("calcu1!"&ADDRESS(ROW(),COLUMN()))<>"", "'" & INDIRECT( "calcu1!" & LEFT(ADDRESS(ROW(), COLUMN(),4 ), _xlpm._n) & "$1" ) & "'" & ": " & INDIRECT("calcu1!"&ADDRESS(ROW(),COLUMN())), ""),"") )} -> 'ime_mode': 'jp' | ... AE8: {=_xlfn.LET( _xlpm._col, COLUMN(), _xlpm._n, IF(_xlpm._col<=26, 1, 2), IFERROR(IF(INDIRECT("calcu1!"&ADDRESS(ROW(),COLUMN()))<>"", "'" & INDIRECT( "calcu1!" & LEFT(ADDRESS(ROW(), COLUMN(),4 ), _xlpm._n) & "$1" ) & "'" & ": " & INDIRECT("calcu1!"&ADDRESS(ROW(),COLUMN())), ""),"") )} -> 'remarks': 0
A9: {=_xlfn.LET( _xlpm._col, COLUMN(), _xlpm._n, IF(_xlpm._col<=26, 1, 2), IFERROR(IF(INDIRECT("calcu1!"&ADDRESS(ROW(),COLUMN()))<>"", "'" & INDIRECT( "calcu1!" & LEFT(ADDRESS(ROW(), COLUMN(),4 ), _xlpm._n) & "$1" ) & "'" & ": " & INDIRECT("calcu1!"&ADDRESS(ROW(),COLUMN())), ""),"") )} -> 'index': 7 | B9: {=_xlfn.LET( _xlpm._col, COLUMN(), _xlpm._n, IF(_xlpm._col<=26, 1, 2), IFERROR(IF(INDIRECT("calcu1!"&ADDRESS(ROW(),COLUMN()))<>"", "'" & INDIRECT( "calcu1!" & LEFT(ADDRESS(ROW(), COLUMN(),4 ), _xlpm._n) & "$1" ) & "'" & ": " & INDIRECT("calcu1!"&ADDRESS(ROW(),COLUMN())), ""),"") )} -> 'display_name': '氏名かな:' | C9: {=_xlfn.LET( _xlpm._col, COLUMN(), _xlpm._n, IF(_xlpm._col<=26, 1, 2), IFERROR(IF(INDIRECT("calcu1!"&ADDRESS(ROW(),COLUMN()))<>"", "'" & INDIRECT( "calcu1!" & LEFT(ADDRESS(ROW(), COLUMN(),4 ), _xlpm._n) & "$1" ) & "'" & ": " & INDIRECT("calcu1!"&ADDRESS(ROW(),COLUMN())), ""),"") )} -> 'data_type': 'str' | D9: {=_xlfn.LET( _xlpm._col, COLUMN(), _xlpm._n, IF(_xlpm._col<=26, 1, 2), IFERROR(IF(INDIRECT("calcu1!"&ADDRESS(ROW(),COLUMN()))<>"", "'" & INDIRECT( "calcu1!" & LEFT(ADDRESS(ROW(), COLUMN(),4 ), _xlpm._n) & "$1" ) & "'" & ": " & INDIRECT("calcu1!"&ADDRESS(ROW(),COLUMN())), ""),"") )} -> 'label_name': 'label_7_' | E9: {=_xlfn.LET( _xlpm._col, COLUMN(), _xlpm._n, IF(_xlpm._col<=26, 1, 2), IFERROR(IF(INDIRECT("calcu1!"&ADDRESS(ROW(),COLUMN()))<>"", "'" & INDIRECT( "calcu1!" & LEFT(ADDRESS(ROW(), COLUMN(),4 ), _xlpm._n) & "$1" ) & "'" & ": " & INDIRECT("calcu1!"&ADDRESS(ROW(),COLUMN())), ""),"") )} -> 'line_edit_name': 'lineEdit_7_' | F9: {=_xlfn.LET( _xlpm._col, COLUMN(), _xlpm._n, IF(_xlpm._col<=26, 1, 2), IFERROR(IF(INDIRECT("calcu1!"&ADDRESS(ROW(),COLUMN()))<>"", "'" & INDIRECT( "calcu1!" & LEFT(ADDRESS(ROW(), COLUMN(),4 ), _xlpm._n) & "$1" ) & "'" & ": " & INDIRECT("calcu1!"&ADDRESS(ROW(),COLUMN())), ""),"") )} -> 'is_last': 0 | G9: {=_xlfn.LET( _xlpm._col, COLUMN(), _xlpm._n, IF(_xlpm._col<=26, 1, 2), IFERROR(IF(INDIRECT("calcu1!"&ADDRESS(ROW(),COLUMN()))<>"", "'" & INDIRECT( "calcu1!" & LEFT(ADDRESS(ROW(), COLUMN(),4 ), _xlpm._n) & "$1" ) & "'" & ": " & INDIRECT("calcu1!"&ADDRESS(ROW(),COLUMN())), ""),"") )} -> 'line_edit_obj': '' | H9: {=_xlfn.LET( _xlpm._col, COLUMN(), _xlpm._n, IF(_xlpm._col<=26, 1, 2), IFERROR(IF(INDIRECT("calcu1!"&ADDRESS(ROW(),COLUMN()))<>"", "'" & INDIRECT( "calcu1!" & LEFT(ADDRESS(ROW(), COLUMN(),4 ), _xlpm._n) & "$1" ) & "'" & ": " & INDIRECT("calcu1!"&ADDRESS(ROW(),COLUMN())), ""),"") )} -> 'ime_mode': 'jp' | ... AE9: {=_xlfn.LET( _xlpm._col, COLUMN(), _xlpm._n, IF(_xlpm._col<=26, 1, 2), IFERROR(IF(INDIRECT("calcu1!"&ADDRESS(ROW(),COLUMN()))<>"", "'" & INDIRECT( "calcu1!" & LEFT(ADDRESS(ROW(), COLUMN(),4 ), _xlpm._n) & "$1" ) & "'" & ": " & INDIRECT("calcu1!"&ADDRESS(ROW(),COLUMN())), ""),"") )} -> 'remarks': 0
A10: {=_xlfn.LET( _xlpm._col, COLUMN(), _xlpm._n, IF(_xlpm._col<=26, 1, 2), IFERROR(IF(INDIRECT("calcu1!"&ADDRESS(ROW(),COLUMN()))<>"", "'" & INDIRECT( "calcu1!" & LEFT(ADDRESS(ROW(), COLUMN(),4 ), _xlpm._n) & "$1" ) & "'" & ": " & INDIRECT("calcu1!"&ADDRESS(ROW(),COLUMN())), ""),"") )} -> 'index': 8 | B10: {=_xlfn.LET( _xlpm._col, COLUMN(), _xlpm._n, IF(_xlpm._col<=26, 1, 2), IFERROR(IF(INDIRECT("calcu1!"&ADDRESS(ROW(),COLUMN()))<>"", "'" & INDIRECT( "calcu1!" & LEFT(ADDRESS(ROW(), COLUMN(),4 ), _xlpm._n) & "$1" ) & "'" & ": " & INDIRECT("calcu1!"&ADDRESS(ROW(),COLUMN())), ""),"") )} -> 'display_name': '氏名:' | C10: {=_xlfn.LET( _xlpm._col, COLUMN(), _xlpm._n, IF(_xlpm._col<=26, 1, 2), IFERROR(IF(INDIRECT("calcu1!"&ADDRESS(ROW(),COLUMN()))<>"", "'" & INDIRECT( "calcu1!" & LEFT(ADDRESS(ROW(), COLUMN(),4 ), _xlpm._n) & "$1" ) & "'" & ": " & INDIRECT("calcu1!"&ADDRESS(ROW(),COLUMN())), ""),"") )} -> 'data_type': 'str' | D10: {=_xlfn.LET( _xlpm._col, COLUMN(), _xlpm._n, IF(_xlpm._col<=26, 1, 2), IFERROR(IF(INDIRECT("calcu1!"&ADDRESS(ROW(),COLUMN()))<>"", "'" & INDIRECT( "calcu1!" & LEFT(ADDRESS(ROW(), COLUMN(),4 ), _xlpm._n) & "$1" ) & "'" & ": " & INDIRECT("calcu1!"&ADDRESS(ROW(),COLUMN())), ""),"") )} -> 'label_name': 'label_8_' | E10: {=_xlfn.LET( _xlpm._col, COLUMN(), _xlpm._n, IF(_xlpm._col<=26, 1, 2), IFERROR(IF(INDIRECT("calcu1!"&ADDRESS(ROW(),COLUMN()))<>"", "'" & INDIRECT( "calcu1!" & LEFT(ADDRESS(ROW(), COLUMN(),4 ), _xlpm._n) & "$1" ) & "'" & ": " & INDIRECT("calcu1!"&ADDRESS(ROW(),COLUMN())), ""),"") )} -> 'line_edit_name': 'lineEdit_8_' | F10: {=_xlfn.LET( _xlpm._col, COLUMN(), _xlpm._n, IF(_xlpm._col<=26, 1, 2), IFERROR(IF(INDIRECT("calcu1!"&ADDRESS(ROW(),COLUMN()))<>"", "'" & INDIRECT( "calcu1!" & LEFT(ADDRESS(ROW(), COLUMN(),4 ), _xlpm._n) & "$1" ) & "'" & ": " & INDIRECT("calcu1!"&ADDRESS(ROW(),COLUMN())), ""),"") )} -> 'is_last': 0 | G10: {=_xlfn.LET( _xlpm._col, COLUMN(), _xlpm._n, IF(_xlpm._col<=26, 1, 2), IFERROR(IF(INDIRECT("calcu1!"&ADDRESS(ROW(),COLUMN()))<>"", "'" & INDIRECT( "calcu1!" & LEFT(ADDRESS(ROW(), COLUMN(),4 ), _xlpm._n) & "$1" ) & "'" & ": " & INDIRECT("calcu1!"&ADDRESS(ROW(),COLUMN())), ""),"") )} -> 'line_edit_obj': '' | H10: {=_xlfn.LET( _xlpm._col, COLUMN(), _xlpm._n, IF(_xlpm._col<=26, 1, 2), IFERROR(IF(INDIRECT("calcu1!"&ADDRESS(ROW(),COLUMN()))<>"", "'" & INDIRECT( "calcu1!" & LEFT(ADDRESS(ROW(), COLUMN(),4 ), _xlpm._n) & "$1" ) & "'" & ": " & INDIRECT("calcu1!"&ADDRESS(ROW(),COLUMN())), ""),"") )} -> 'ime_mode': 'jp' | ... AE10: {=_xlfn.LET( _xlpm._col, COLUMN(), _xlpm._n, IF(_xlpm._col<=26, 1, 2), IFERROR(IF(INDIRECT("calcu1!"&ADDRESS(ROW(),COLUMN()))<>"", "'" & INDIRECT( "calcu1!" & LEFT(ADDRESS(ROW(), COLUMN(),4 ), _xlpm._n) & "$1" ) & "'" & ": " & INDIRECT("calcu1!"&ADDRESS(ROW(),COLUMN())), ""),"") )} -> 'remarks': 0
A11: {=_xlfn.LET( _xlpm._col, COLUMN(), _xlpm._n, IF(_xlpm._col<=26, 1, 2), IFERROR(IF(INDIRECT("calcu1!"&ADDRESS(ROW(),COLUMN()))<>"", "'" & INDIRECT( "calcu1!" & LEFT(ADDRESS(ROW(), COLUMN(),4 ), _xlpm._n) & "$1" ) & "'" & ": " & INDIRECT("calcu1!"&ADDRESS(ROW(),COLUMN())), ""),"") )} -> 'index': 9 | B11: {=_xlfn.LET( _xlpm._col, COLUMN(), _xlpm._n, IF(_xlpm._col<=26, 1, 2), IFERROR(IF(INDIRECT("calcu1!"&ADDRESS(ROW(),COLUMN()))<>"", "'" & INDIRECT( "calcu1!" & LEFT(ADDRESS(ROW(), COLUMN(),4 ), _xlpm._n) & "$1" ) & "'" & ": " & INDIRECT("calcu1!"&ADDRESS(ROW(),COLUMN())), ""),"") )} -> 'display_name': '電話番号:' | C11: {=_xlfn.LET( _xlpm._col, COLUMN(), _xlpm._n, IF(_xlpm._col<=26, 1, 2), IFERROR(IF(INDIRECT("calcu1!"&ADDRESS(ROW(),COLUMN()))<>"", "'" & INDIRECT( "calcu1!" & LEFT(ADDRESS(ROW(), COLUMN(),4 ), _xlpm._n) & "$1" ) & "'" & ": " & INDIRECT("calcu1!"&ADDRESS(ROW(),COLUMN())), ""),"") )} -> 'data_type': 'hankaku-eisu-kuromaru_lenrange' | D11: {=_xlfn.LET( _xlpm._col, COLUMN(), _xlpm._n, IF(_xlpm._col<=26, 1, 2), IFERROR(IF(INDIRECT("calcu1!"&ADDRESS(ROW(),COLUMN()))<>"", "'" & INDIRECT( "calcu1!" & LEFT(ADDRESS(ROW(), COLUMN(),4 ), _xlpm._n) & "$1" ) & "'" & ": " & INDIRECT("calcu1!"&ADDRESS(ROW(),COLUMN())), ""),"") )} -> 'label_name': 'label_9_' | E11: {=_xlfn.LET( _xlpm._col, COLUMN(), _xlpm._n, IF(_xlpm._col<=26, 1, 2), IFERROR(IF(INDIRECT("calcu1!"&ADDRESS(ROW(),COLUMN()))<>"", "'" & INDIRECT( "calcu1!" & LEFT(ADDRESS(ROW(), COLUMN(),4 ), _xlpm._n) & "$1" ) & "'" & ": " & INDIRECT("calcu1!"&ADDRESS(ROW(),COLUMN())), ""),"") )} -> 'line_edit_name': 'lineEdit_9_' | F11: {=_xlfn.LET( _xlpm._col, COLUMN(), _xlpm._n, IF(_xlpm._col<=26, 1, 2), IFERROR(IF(INDIRECT("calcu1!"&ADDRESS(ROW(),COLUMN()))<>"", "'" & INDIRECT( "calcu1!" & LEFT(ADDRESS(ROW(), COLUMN(),4 ), _xlpm._n) & "$1" ) & "'" & ": " & INDIRECT("calcu1!"&ADDRESS(ROW(),COLUMN())), ""),"") )} -> 'is_last': 0 | G11: {=_xlfn.LET( _xlpm._col, COLUMN(), _xlpm._n, IF(_xlpm._col<=26, 1, 2), IFERROR(IF(INDIRECT("calcu1!"&ADDRESS(ROW(),COLUMN()))<>"", "'" & INDIRECT( "calcu1!" & LEFT(ADDRESS(ROW(), COLUMN(),4 ), _xlpm._n) & "$1" ) & "'" & ": " & INDIRECT("calcu1!"&ADDRESS(ROW(),COLUMN())), ""),"") )} -> 'line_edit_obj': '' | H11: {=_xlfn.LET( _xlpm._col, COLUMN(), _xlpm._n, IF(_xlpm._col<=26, 1, 2), IFERROR(IF(INDIRECT("calcu1!"&ADDRESS(ROW(),COLUMN()))<>"", "'" & INDIRECT( "calcu1!" & LEFT(ADDRESS(ROW(), COLUMN(),4 ), _xlpm._n) & "$1" ) & "'" & ": " & INDIRECT("calcu1!"&ADDRESS(ROW(),COLUMN())), ""),"") )} -> 'ime_mode': 'en' | ... AE11: {=_xlfn.LET( _xlpm._col, COLUMN(), _xlpm._n, IF(_xlpm._col<=26, 1, 2), IFERROR(IF(INDIRECT("calcu1!"&ADDRESS(ROW(),COLUMN()))<>"", "'" & INDIRECT( "calcu1!" & LEFT(ADDRESS(ROW(), COLUMN(),4 ), _xlpm._n) & "$1" ) & "'" & ": " & INDIRECT("calcu1!"&ADDRESS(ROW(),COLUMN())), ""),"") )} -> 'remarks': 0
A12: {=_xlfn.LET( _xlpm._col, COLUMN(), _xlpm._n, IF(_xlpm._col<=26, 1, 2), IFERROR(IF(INDIRECT("calcu1!"&ADDRESS(ROW(),COLUMN()))<>"", "'" & INDIRECT( "calcu1!" & LEFT(ADDRESS(ROW(), COLUMN(),4 ), _xlpm._n) & "$1" ) & "'" & ": " & INDIRECT("calcu1!"&ADDRESS(ROW(),COLUMN())), ""),"") )} -> 'index': 10 | B12: {=_xlfn.LET( _xlpm._col, COLUMN(), _xlpm._n, IF(_xlpm._col<=26, 1, 2), IFERROR(IF(INDIRECT("calcu1!"&ADDRESS(ROW(),COLUMN()))<>"", "'" & INDIRECT( "calcu1!" & LEFT(ADDRESS(ROW(), COLUMN(),4 ), _xlpm._n) & "$1" ) & "'" & ": " & INDIRECT("calcu1!"&ADDRESS(ROW(),COLUMN())), ""),"") )} -> 'display_name': '防災カルタ:' | C12: {=_xlfn.LET( _xlpm._col, COLUMN(), _xlpm._n, IF(_xlpm._col<=26, 1, 2), IFERROR(IF(INDIRECT("calcu1!"&ADDRESS(ROW(),COLUMN()))<>"", "'" & INDIRECT( "calcu1!" & LEFT(ADDRESS(ROW(), COLUMN(),4 ), _xlpm._n) & "$1" ) & "'" & ": " & INDIRECT("calcu1!"&ADDRESS(ROW(),COLUMN())), ""),"") )} -> 'data_type': 'hankaku-eisu-kuromaru' | D12: {=_xlfn.LET( _xlpm._col, COLUMN(), _xlpm._n, IF(_xlpm._col<=26, 1, 2), IFERROR(IF(INDIRECT("calcu1!"&ADDRESS(ROW(),COLUMN()))<>"", "'" & INDIRECT( "calcu1!" & LEFT(ADDRESS(ROW(), COLUMN(),4 ), _xlpm._n) & "$1" ) & "'" & ": " & INDIRECT("calcu1!"&ADDRESS(ROW(),COLUMN())), ""),"") )} -> 'label_name': 'label_10_' | E12: {=_xlfn.LET( _xlpm._col, COLUMN(), _xlpm._n, IF(_xlpm._col<=26, 1, 2), IFERROR(IF(INDIRECT("calcu1!"&ADDRESS(ROW(),COLUMN()))<>"", "'" & INDIRECT( "calcu1!" & LEFT(ADDRESS(ROW(), COLUMN(),4 ), _xlpm._n) & "$1" ) & "'" & ": " & INDIRECT("calcu1!"&ADDRESS(ROW(),COLUMN())), ""),"") )} -> 'line_edit_name': 'lineEdit_10_' | F12: {=_xlfn.LET( _xlpm._col, COLUMN(), _xlpm._n, IF(_xlpm._col<=26, 1, 2), IFERROR(IF(INDIRECT("calcu1!"&ADDRESS(ROW(),COLUMN()))<>"", "'" & INDIRECT( "calcu1!" & LEFT(ADDRESS(ROW(), COLUMN(),4 ), _xlpm._n) & "$1" ) & "'" & ": " & INDIRECT("calcu1!"&ADDRESS(ROW(),COLUMN())), ""),"") )} -> 'is_last': 0 | G12: {=_xlfn.LET( _xlpm._col, COLUMN(), _xlpm._n, IF(_xlpm._col<=26, 1, 2), IFERROR(IF(INDIRECT("calcu1!"&ADDRESS(ROW(),COLUMN()))<>"", "'" & INDIRECT( "calcu1!" & LEFT(ADDRESS(ROW(), COLUMN(),4 ), _xlpm._n) & "$1" ) & "'" & ": " & INDIRECT("calcu1!"&ADDRESS(ROW(),COLUMN())), ""),"") )} -> 'line_edit_obj': '' | H12: {=_xlfn.LET( _xlpm._col, COLUMN(), _xlpm._n, IF(_xlpm._col<=26, 1, 2), IFERROR(IF(INDIRECT("calcu1!"&ADDRESS(ROW(),COLUMN()))<>"", "'" & INDIRECT( "calcu1!" & LEFT(ADDRESS(ROW(), COLUMN(),4 ), _xlpm._n) & "$1" ) & "'" & ": " & INDIRECT("calcu1!"&ADDRESS(ROW(),COLUMN())), ""),"") )} -> 'ime_mode': 'en' | ... AE12: {=_xlfn.LET( _xlpm._col, COLUMN(), _xlpm._n, IF(_xlpm._col<=26, 1, 2), IFERROR(IF(INDIRECT("calcu1!"&ADDRESS(ROW(),COLUMN()))<>"", "'" & INDIRECT( "calcu1!" & LEFT(ADDRESS(ROW(), COLUMN(),4 ), _xlpm._n) & "$1" ) & "'" & ": " & INDIRECT("calcu1!"&ADDRESS(ROW(),COLUMN())), ""),"") )} -> 'remarks': 0
A13: {=_xlfn.LET( _xlpm._col, COLUMN(), _xlpm._n, IF(_xlpm._col<=26, 1, 2), IFERROR(IF(INDIRECT("calcu1!"&ADDRESS(ROW(),COLUMN()))<>"", "'" & INDIRECT( "calcu1!" & LEFT(ADDRESS(ROW(), COLUMN(),4 ), _xlpm._n) & "$1" ) & "'" & ": " & INDIRECT("calcu1!"&ADDRESS(ROW(),COLUMN())), ""),"") )} -> 'index': 11 | B13: {=_xlfn.LET( _xlpm._col, COLUMN(), _xlpm._n, IF(_xlpm._col<=26, 1, 2), IFERROR(IF(INDIRECT("calcu1!"&ADDRESS(ROW(),COLUMN()))<>"", "'" & INDIRECT( "calcu1!" & LEFT(ADDRESS(ROW(), COLUMN(),4 ), _xlpm._n) & "$1" ) & "'" & ": " & INDIRECT("calcu1!"&ADDRESS(ROW(),COLUMN())), ""),"") )} -> 'display_name': '404:薬剤式トイレ:' | C13: {=_xlfn.LET( _xlpm._col, COLUMN(), _xlpm._n, IF(_xlpm._col<=26, 1, 2), IFERROR(IF(INDIRECT("calcu1!"&ADDRESS(ROW(),COLUMN()))<>"", "'" & INDIRECT( "calcu1!" & LEFT(ADDRESS(ROW(), COLUMN(),4 ), _xlpm._n) & "$1" ) & "'" & ": " & INDIRECT("calcu1!"&ADDRESS(ROW(),COLUMN())), ""),"") )} -> 'data_type': 'hankaku-eisu-kuromaru' | D13: {=_xlfn.LET( _xlpm._col, COLUMN(), _xlpm._n, IF(_xlpm._col<=26, 1, 2), IFERROR(IF(INDIRECT("calcu1!"&ADDRESS(ROW(),COLUMN()))<>"", "'" & INDIRECT( "calcu1!" & LEFT(ADDRESS(ROW(), COLUMN(),4 ), _xlpm._n) & "$1" ) & "'" & ": " & INDIRECT("calcu1!"&ADDRESS(ROW(),COLUMN())), ""),"") )} -> 'label_name': 'label_11_' | E13: {=_xlfn.LET( _xlpm._col, COLUMN(), _xlpm._n, IF(_xlpm._col<=26, 1, 2), IFERROR(IF(INDIRECT("calcu1!"&ADDRESS(ROW(),COLUMN()))<>"", "'" & INDIRECT( "calcu1!" & LEFT(ADDRESS(ROW(), COLUMN(),4 ), _xlpm._n) & "$1" ) & "'" & ": " & INDIRECT("calcu1!"&ADDRESS(ROW(),COLUMN())), ""),"") )} -> 'line_edit_name': 'lineEdit_11_' | F13: {=_xlfn.LET( _xlpm._col, COLUMN(), _xlpm._n, IF(_xlpm._col<=26, 1, 2), IFERROR(IF(INDIRECT("calcu1!"&ADDRESS(ROW(),COLUMN()))<>"", "'" & INDIRECT( "calcu1!" & LEFT(ADDRESS(ROW(), COLUMN(),4 ), _xlpm._n) & "$1" ) & "'" & ": " & INDIRECT("calcu1!"&ADDRESS(ROW(),COLUMN())), ""),"") )} -> 'is_last': 0 | G13: {=_xlfn.LET( _xlpm._col, COLUMN(), _xlpm._n, IF(_xlpm._col<=26, 1, 2), IFERROR(IF(INDIRECT("calcu1!"&ADDRESS(ROW(),COLUMN()))<>"", "'" & INDIRECT( "calcu1!" & LEFT(ADDRESS(ROW(), COLUMN(),4 ), _xlpm._n) & "$1" ) & "'" & ": " & INDIRECT("calcu1!"&ADDRESS(ROW(),COLUMN())), ""),"") )} -> 'line_edit_obj': '' | H13: {=_xlfn.LET( _xlpm._col, COLUMN(), _xlpm._n, IF(_xlpm._col<=26, 1, 2), IFERROR(IF(INDIRECT("calcu1!"&ADDRESS(ROW(),COLUMN()))<>"", "'" & INDIRECT( "calcu1!" & LEFT(ADDRESS(ROW(), COLUMN(),4 ), _xlpm._n) & "$1" ) & "'" & ": " & INDIRECT("calcu1!"&ADDRESS(ROW(),COLUMN())), ""),"") )} -> 'ime_mode': 'en' | ... AE13: {=_xlfn.LET( _xlpm._col, COLUMN(), _xlpm._n, IF(_xlpm._col<=26, 1, 2), IFERROR(IF(INDIRECT("calcu1!"&ADDRESS(ROW(),COLUMN()))<>"", "'" & INDIRECT( "calcu1!" & LEFT(ADDRESS(ROW(), COLUMN(),4 ), _xlpm._n) & "$1" ) & "'" & ": " & INDIRECT("calcu1!"&ADDRESS(ROW(),COLUMN())), ""),"") )} -> 'remarks': 0
... A255: {=_xlfn.LET( _xlpm._col, COLUMN(), _xlpm._n, IF(_xlpm._col<=26, 1, 2), IFERROR(IF(INDIRECT("calcu1!"&ADDRESS(ROW(),COLUMN()))<>"", "'" & INDIRECT( "calcu1!" & LEFT(ADDRESS(ROW(), COLUMN(),4 ), _xlpm._n) & "$1" ) & "'" & ": " & INDIRECT("calcu1!"&ADDRESS(ROW(),COLUMN())), ""),"") )} | B255: {=_xlfn.LET( _xlpm._col, COLUMN(), _xlpm._n, IF(_xlpm._col<=26, 1, 2), IFERROR(IF(INDIRECT("calcu1!"&ADDRESS(ROW(),COLUMN()))<>"", "'" & INDIRECT( "calcu1!" & LEFT(ADDRESS(ROW(), COLUMN(),4 ), _xlpm._n) & "$1" ) & "'" & ": " & INDIRECT("calcu1!"&ADDRESS(ROW(),COLUMN())), ""),"") )} | C255: {=_xlfn.LET( _xlpm._col, COLUMN(), _xlpm._n, IF(_xlpm._col<=26, 1, 2), IFERROR(IF(INDIRECT("calcu1!"&ADDRESS(ROW(),COLUMN()))<>"", "'" & INDIRECT( "calcu1!" & LEFT(ADDRESS(ROW(), COLUMN(),4 ), _xlpm._n) & "$1" ) & "'" & ": " & INDIRECT("calcu1!"&ADDRESS(ROW(),COLUMN())), ""),"") )} | D255: {=_xlfn.LET( _xlpm._col, COLUMN(), _xlpm._n, IF(_xlpm._col<=26, 1, 2), IFERROR(IF(INDIRECT("calcu1!"&ADDRESS(ROW(),COLUMN()))<>"", "'" & INDIRECT( "calcu1!" & LEFT(ADDRESS(ROW(), COLUMN(),4 ), _xlpm._n) & "$1" ) & "'" & ": " & INDIRECT("calcu1!"&ADDRESS(ROW(),COLUMN())), ""),"") )} | E255: {=_xlfn.LET( _xlpm._col, COLUMN(), _xlpm._n, IF(_xlpm._col<=26, 1, 2), IFERROR(IF(INDIRECT("calcu1!"&ADDRESS(ROW(),COLUMN()))<>"", "'" & INDIRECT( "calcu1!" & LEFT(ADDRESS(ROW(), COLUMN(),4 ), _xlpm._n) & "$1" ) & "'" & ": " & INDIRECT("calcu1!"&ADDRESS(ROW(),COLUMN())), ""),"") )} | F255: {=_xlfn.LET( _xlpm._col, COLUMN(), _xlpm._n, IF(_xlpm._col<=26, 1, 2), IFERROR(IF(INDIRECT("calcu1!"&ADDRESS(ROW(),COLUMN()))<>"", "'" & INDIRECT( "calcu1!" & LEFT(ADDRESS(ROW(), COLUMN(),4 ), _xlpm._n) & "$1" ) & "'" & ": " & INDIRECT("calcu1!"&ADDRESS(ROW(),COLUMN())), ""),"") )} | G255: {=_xlfn.LET( _xlpm._col, COLUMN(), _xlpm._n, IF(_xlpm._col<=26, 1, 2), IFERROR(IF(INDIRECT("calcu1!"&ADDRESS(ROW(),COLUMN()))<>"", "'" & INDIRECT( "calcu1!" & LEFT(ADDRESS(ROW(), COLUMN(),4 ), _xlpm._n) & "$1" ) & "'" & ": " & INDIRECT("calcu1!"&ADDRESS(ROW(),COLUMN())), ""),"") )} | H255: {=_xlfn.LET( _xlpm._col, COLUMN(), _xlpm._n, IF(_xlpm._col<=26, 1, 2), IFERROR(IF(INDIRECT("calcu1!"&ADDRESS(ROW(),COLUMN()))<>"", "'" & INDIRECT( "calcu1!" & LEFT(ADDRESS(ROW(), COLUMN(),4 ), _xlpm._n) & "$1" ) & "'" & ": " & INDIRECT("calcu1!"&ADDRESS(ROW(),COLUMN())), ""),"") )} | ... AE255: {=_xlfn.LET( _xlpm._col, COLUMN(), _xlpm._n, IF(_xlpm._col<=26, 1, 2), IFERROR(IF(INDIRECT("calcu1!"&ADDRESS(ROW(),COLUMN()))<>"", "'" & INDIRECT( "calcu1!" & LEFT(ADDRESS(ROW(), COLUMN(),4 ), _xlpm._n) & "$1" ) & "'" & ": " & INDIRECT("calcu1!"&ADDRESS(ROW(),COLUMN())), ""),"") )}

Sheet config
A1: {=CELL("filename", A1)} -> C:\myPython\_QtDesigner\_RvbellInputApp\_入力アプリ画像付き_防災2025Q2\[メインデータリスト作成_防災V2.xlsx]config
A2: =_xlfn.TEXTBEFORE(A1,"\[")&"\" -> C:\myPython\_QtDesigner\_RvbellInputApp\_入力アプリ画像付き_防災2025Q2\
A4: target_csv_path | C4: int_columns | E4: type_list | H4: type | I4: info | P4: ここを設定 | U4: HasQuote
A5: =A2&"data_list.csv" -> C:\myPython\_QtDesigner\_RvbellInputApp\_入力アプリ画像付き_防災2025Q2\data_list.csv | C5: index | E5: {=_xlfn._xlws.FILTER(_xlfn.UNIQUE(変換前のテーブル[data_type]), _xlfn.UNIQUE(変換前のテーブル[data_type])<>0)} -> hankaku-eisu-kuromaru_lenjust | H5: date | I5: 日付型 | K5: {=_xlfn.UNIQUE(変換前のテーブル[data_type])} -> hankaku-eisu-kuromaru_lenjust | L5: {=COUNTIF(_TypeInfo[type],_xlfn.ANCHORARRAY(K5))} -> 1 | O5: {=TRANSPOSE(変換前のテーブル[#Headers])} -> index | R5: {=_xlfn.TRIMRANGE(O5:P1048576)} -> index | S5: 0 | U5: {=_xlfn.CHOOSECOLS(_xlfn.ANCHORARRAY($R$5),1)} -> index | V5: {=_xlfn.CHOOSECOLS(_xlfn.ANCHORARRAY($R$5),2)} -> 0
C6: is_last | E6: hankaku-eisu-kuromaru | H6: date_nover | I6: 日付型 | K6: hankaku-eisu-kuromaru | L6: 1 | O6: display_name | P6: TRUE | R6: display_name | S6: TRUE | U6: display_name | V6: TRUE
E7: str | H7: hankaku | I7: 半角文字列 | K7: str | L7: 1 | O7: data_type | P7: TRUE | R7: data_type | S7: TRUE | U7: data_type | V7: TRUE
E8: hankaku-eisu-kuromaru_lenrange | H8: hankaku_eisu | I8: 半角英数字 | K8: hankaku-eisu-kuromaru_lenrange | L8: 1 | O8: label_name | P8: TRUE | R8: label_name | S8: TRUE | U8: label_name | V8: TRUE
H9: hankaku_eisu_lenjust | I9: 半角英数字 | O9: line_edit_name | P9: TRUE | R9: line_edit_name | S9: TRUE | U9: line_edit_name | V9: TRUE
H10: hankaku_eisu_lenrange | I10: 半角英数字 | O10: is_last | R10: is_last | S10: 0 | U10: is_last | V10: 0
H11: hankaku_int_lenjust | I11: 半角整数 | O11: line_edit_obj | P11: TRUE | R11: line_edit_obj | S11: TRUE | U11: line_edit_obj | V11: TRUE
H12: hankaku-eisu-kuromaru | I12: 半角英数字 | O12: ime_mode | P12: TRUE | R12: ime_mode | S12: TRUE | U12: ime_mode | V12: TRUE
H13: hankaku-eisu-kuromaru_lenjust | I13: 半角英数字 | O13: pn_auto_input | P13: TRUE | R13: pn_auto_input | S13: TRUE | U13: pn_auto_input | V13: TRUE
H14: hankaku-eisu-kuromaru_lenrange | I14: 半角英数字 | O14: text_conversion | P14: TRUE | R14: text_conversion | S14: TRUE | U14: text_conversion | V14: TRUE
H15: hankaku-kuromaru | I15: 半角 | O15: label_obj | P15: TRUE | R15: label_obj | S15: TRUE | U15: label_obj | V15: TRUE
H16: int_hankaku | I16: 半角整数 | O16: frame_a_obj | P16: TRUE | R16: frame_a_obj | S16: TRUE | U16: frame_a_obj | V16: TRUE
H17: int_hankaku_inli | I17: 半角整数 | O17: frame_a_name | P17: TRUE | R17: frame_a_name | S17: TRUE | U17: frame_a_name | V17: TRUE
H18: int_hankaku_maxlen | I18: 半角整数 | O18: frame_b_obj | P18: TRUE | R18: frame_b_obj | S18: TRUE | U18: frame_b_obj | V18: TRUE
H19: int_hankaku_range | I19: 半角整数 | O19: frame_b_name | P19: TRUE | R19: frame_b_name | S19: TRUE | U19: frame_b_name | V19: TRUE
H20: rematch | O20: layout_a_name | P20: TRUE | R20: layout_a_name | S20: TRUE | U20: layout_a_name | V20: TRUE
H21: str | O21: layout_a_obj | P21: TRUE | R21: layout_a_obj | S21: TRUE | U21: layout_a_obj | V21: TRUE
H22: str_hankaku | I22: 半角文字列 | O22: layout_b_name | P22: TRUE | R22: layout_b_name | S22: TRUE | U22: layout_b_name | V22: TRUE
H23: str_hankaku_maxlen | I23: 半角文字列 | O23: layout_b_obj | P23: TRUE | R23: layout_b_obj | S23: TRUE | U23: layout_b_obj | V23: TRUE
H24: username_noedit | I24: ユーザー名自動入力 | O24: info | P24: TRUE | R24: info | S24: TRUE | U24: info | V24: TRUE
H25: zenkaku | I25: 全角文字列 | O25: is_rept | R25: is_rept | S25: 0 | U25: is_rept | V25: 0
H26: zenkaku-katakana-kuromaru | I26: 全角カタカナ | O26: is_show | R26: is_show | S26: 0 | U26: is_show | V26: 0
O27: list_item | R27: list_item | S27: 0 | U27: list_item | V27: 0
O28: name | P28: TRUE | R28: name | S28: TRUE | U28: name | V28: TRUE
O29: replace_keys | R29: replace_keys | S29: 0 | U29: replace_keys | V29: 0
O30: replace_values | R30: replace_values | S30: 0 | U30: replace_values | V30: 0
O31: is_b_line_show | R31: is_b_line_show | S31: 0 | U31: is_b_line_show | V31: 0
O32: length | R32: length | S32: 0 | U32: length | V32: 0
O33: min_max | R33: min_max | S33: 0 | U33: min_max | V33: 0
O34: re | P34: TRUE | R34: re | S34: TRUE | U34: re | V34: TRUE
O35: remarks | R35: remarks | S35: 0 | U35: remarks | V35: 0

Sheet 名刺サンプル
A1: index | B1: display_name | C1: data_type | D1: label_name | E1: line_edit_name | F1: is_last | G1: line_edit_obj | H1: ime_mode | I1: pn_auto_input | J1: text_conversion | K1: label_obj | L1: frame_a_obj | M1: frame_a_name | N1: frame_b_obj | O1: frame_b_name | P1: layout_a_name | Q1: layout_a_obj | R1: layout_b_name | S1: layout_b_obj | T1: info | U1: is_rept | V1: is_show | W1: list_item | X1: name | Y1: replace_keys | Z1: replace_values | AA1: is_b_line_show | AB1: length | AC1: min_max | AD1: re
A2: 0 | B2: 会社名: | C2: str | D2: label_0_ | E2: lineEdit_0_ | F2: -1 | H2: jp | I2: null | M2: frame_0_ | O2: frame__0__ | P2: horizontalLayout_0_ | R2: horizontalLayout__0__ | T2: 会社名：自由入力、必須項目 | U2: False | V2: True | X2: 会社名
A3: 1 | B3: 部署・役職: | C3: str | D3: label_1_ | E3: lineEdit_1_ | F3: 0 | H3: jp | I3: null | M3: frame_0_ | O3: frame__1__ | P3: horizontalLayout_0_ | R3: horizontalLayout__1__ | T3: 部署・役職：自由入力 | U3: False | V3: True | X3: 部署・役職
A4: 2 | B4: 氏名: | C4: str_replace | D4: label_2_ | E4: lineEdit_2_ | F4: 0 | H4: jp | I4: null | M4: frame_0_ | O4: frame__2__ | P4: horizontalLayout_0_ | R4: horizontalLayout__2__ | T4: 氏名：苗字と名前の間のスペースは無し | U4: False | V4: True | X4: 氏名 | Y4: ['1', '2'] | Z4: ['一太郎', '二次郎']
A5: 3 | B5: 〒: | C5: postnum | D5: label_3_ | E5: lineEdit_3_ | F5: 0 | H5: en | I5: postnum | M5: frame_1_ | O5: frame__3__ | P5: horizontalLayout_1_ | R5: horizontalLayout__3__ | T5: 郵便番号：000-0000 | U5: False | V5: True | X5: 〒
A6: 4 | B6: 都道府県: | C6: str | D6: label_4_ | E6: lineEdit_4_ | F6: 0 | H6: jp | I6: pref | M6: frame_1_ | O6: frame__4__ | P6: horizontalLayout_1_ | R6: horizontalLayout__4__ | T6: 都道府県：郵便番号から自動入力 | U6: False | V6: True | X6: 都道府県
A7: 5 | B7: 市区町村: | C7: str | D7: label_5_ | E7: lineEdit_5_ | F7: 0 | H7: jp | I7: city | M7: frame_1_ | O7: frame__5__ | P7: horizontalLayout_1_ | R7: horizontalLayout__5__ | T7: 市区町村：郵便番号から自動入力 | U7: False | V7: True | X7: 市区町村
A8: 6 | B8: 番地(全角): | C8: zenkaku | D8: label_6_ | E8: lineEdit_6_ | F8: 0 | H8: jp | I8: town | J8: zen | M8: frame_2_ | O8: frame__6__ | P8: horizontalLayout_2_ | R8: horizontalLayout__6__ | T8: 番地：市区町村：郵便番号から自動入力、半角文字は全角文字に自動変換される | U8: False | V8: True | X8: 番地(全角)
A9: 7 | B9: 建物名(全角): | C9: str | D9: label_7_ | E9: lineEdit_7_ | F9: 0 | H9: jp | I9: null | J9: zen | M9: frame_2_ | O9: frame__7__ | P9: horizontalLayout_2_ | R9: horizontalLayout__7__ | T9: 建物名：半角文字は全角文字に自動変換される | U9: False | V9: True | X9: 建物名(全角)
A10: 8 | B10: 電話番号: | C10: telnum | D10: label_8_ | E10: lineEdit_8_ | F10: 0 | H10: en | I10: null | M10: frame_2_ | O10: frame__8__ | P10: horizontalLayout_2_ | R10: horizontalLayout__8__ | T10: 電話番号：半角ハイフンを使用 | U10: False | V10: True | X10: 電話番号
A11: 9 | B11: 誕生日: | C11: date | D11: label_9_ | E11: lineEdit_9_ | F11: 0 | H11: en | I11: null | M11: frame_3_ | O11: frame__9__ | P11: horizontalLayout_3_ | R11: horizontalLayout__9__ | T11: 誕生日；[yyyy/m/d]または[yyyy-m-d] | U11: False | V11: True | X11: 誕生日
A12: 10 | B12: 年齢: | C12: int_hankaku | D12: label_10_ | E12: lineEdit_10_ | F12: 0 | H12: en | I12: null | J12: han | M12: frame_3_ | O12: frame__10__ | P12: horizontalLayout_3_ | R12: horizontalLayout__10__ | T12: 年齢：必須項目、整数、全角文字は半角文字に自動変換される | U12: False | V12: True | X12: 年齢
A13: 11 | B13: コード(半角小数点): | C13: float_hankaku | D13: label_11_ | E13: lineEdit_11_ | F13: 0 | H13: en | I13: null | J13: han | M13: frame_3_ | O13: frame__11__ | P13: horizontalLayout_3_ | R13: horizontalLayout__11__ | T13: コード：数値(小数点)、全角文字は半角文字に自動変換される | U13: False | V13: True | X13: コード(半角小数点)
A14: 12 | B14: 性別▼: | C14: listonly | D14: label_12_ | E14: lineEdit_12_ | F14: 0 | I14: null | M14: frame_4_ | O14: frame__12__ | P14: horizontalLayout_4_ | R14: horizontalLayout__12__ | T14: 性別：必須項目、ドロップダウンリスト | U14: False | V14: True | W14: ['男性','女性','その他'] | X14: 性別
A15: 13 | B15: 業種▽: | C15: list | D15: label_13_ | E15: lineEdit_13_ | F15: 1 | I15: null | M15: frame_4_ | O15: frame__13__ | P15: horizontalLayout_4_ | R15: horizontalLayout__13__ | T15: 業種：ドロップダウンリスト | U15: False | V15: True | W15: ['製造業','サービス業','金融','IT'] | X15: 業種

Sheet Memo
A1: 入力項目 | B1: 文字定義 | C1: 仕様補足 | D1: 入力ヒント表示 | F1: {="["&_xlfn.TEXTJOIN(", ",TRUE,""""&A2:A23&"""")&"]"} -> ["不備", "ヤマト管理番号", "掲載号", "郵便番号", "住所①(都道府県)", "住所②（市町村・区）", "住所③（番地）", "住所④（建物名・部屋番号）", "カナ氏名（ふりがな）", "氏名", "敬称", "電話番号", "年齢", "性別", "学校欄", "学年", "職業", "会場（1東京／2大阪）", "参加人数", "当選確率アップ券(1・アップ券あり）", "チェック", "画像ファイル名"]
A2: 不備 | B2: 半角 | C2: 不可視
A3: ヤマト管理番号 | B3: 半角 | C3: 不可視
A4: 掲載号 | B4: 全角+英数字半角 | C4: ショートカットキーを押して選択 選択パターンは「掲載号」シートの通り | D4: F10キーで選択 | F4: =LET( _maxlentext, IF([@length]="", "", " (桁数:" & SUBSTITUTE(SUBSTITUTE([@length],"[",""),"]","") & ")"), _result, [@name]&": "&XLOOKUP([@[data_type]],_TypeInfo[type],_TypeInfo[info], "") & _参照テーブル[@[inli_text]] & _maxlentext & _参照テーブル[@[min_max]], _result )
A5: 郵便番号 | B5: 半角 | C5: 自動でハイフン追加 例）3580011 → 358-0011 | D5: ハイフン自動追加
A6: 住所①(都道府県) | B6: 全角 | C6: 郵便番号から自動検索
A7: 住所②（市町村・区） | B7: 全角 | C7: 郵便番号から自動検索
A8: 住所③（番地） | B8: 全角+英数字半角 | D8: 英数半角
A9: 住所④（建物名・部屋番号） | B9: 全角+英数字半角 | D9: 英数半角
A10: カナ氏名（ふりがな） | B10: 全角カナ | D10: 姓名スペースなし
A11: 氏名 | B11: 全角 | D11: 姓名スペースなし
A12: 敬称 | B12: 全角 | C12: 不可視 「様」固定
A13: 電話番号 | B13: 半角 | D13: ハイフンあり
A14: 年齢 | B14: 半角
A15: 性別 | B15: 半角 | C15: 小文字は大文字に自動変換 例）m → M | D15: 男＝M 女＝F その他＝X
A16: 学校欄 | B16: 全角 | C16: 選択パターンは「学校」シートの通り ※手動入力も可 | D16: F10キーで選択
A17: 学年 | B17: 半角
A18: 職業 | B18: 全角
A19: 会場（1東京／2大阪） | B19: 半角 | C19: 不可視 「1」固定
A20: 参加人数 | B20: 半角
A21: 当選確率アップ券(1・アップ券あり） | B21: 半角 | D21: 添付あれば「1」なければ空欄
A22: チェック | B22: 半角 | C22: 「1」を入力しないと進まない | D22: 「1」入力で次へ
A23: 画像ファイル名 | C23: 画像名を記録
A33: index | B33: display_name | C33: data_type | D33: label_name | E33: line_edit_name | F33: is_last | G33: line_edit_obj | H33: ime_mode | I33: pn_auto_input | J33: text_conversion | K33: label_obj | L33: frame_a_obj | M33: frame_a_name | N33: frame_b_obj | O33: frame_b_name | P33: layout_a_name | Q33: layout_a_obj | R33: layout_b_name | S33: layout_b_obj | T33: info | U33: is_rept | V33: is_show | W33: list_item | X33: name | Y33: replace_keys | Z33: replace_values | AA33: is_b_line_show | AB33: length | AC33: min_max | AD33: re | AE33: remarks
A34: 0 | B34: 掲載号: | C34: listonly-kuromaru | D34: label_0_ | E34: lineEdit_0_ | F34: -1 | I34: null | M34: frame_0_ | O34: frame__0__ | P34: horizontalLayout_0_ | R34: horizontalLayout__0__ | T34: 掲載号: F10キーで選択 | U34: False | V34: True | W34: ['Vジャンプ6月号', 'Vジャンプ7月号', '最強ジャンプ6月号', '最強ジャンプ7月号', '週刊少年ジャンプ21号', '週刊少年ジャンプ22.23号', '週刊少年ジャンプ24号', '週刊少年ジャンプ25号', '週刊少年ジャンプ26号', '週刊少年ジャンプ27号', '週刊少年ジャンプ28号'] | X34: 掲載号
A35: 1 | B35: 郵便番号: | C35: postauto | D35: label_1_ | E35: lineEdit_1_ | F35: 0 | H35: en | I35: postnum | J35: han | M35: frame_0_ | O35: frame__1__ | P35: horizontalLayout_0_ | R35: horizontalLayout__1__ | T35: 郵便番号: ハイフン自動追加 | U35: False | V35: True | X35: 郵便番号 | AA35: True
A36: 2 | B36: 住所①(都道府県): | C36: str | D36: label_2_ | E36: lineEdit_2_ | F36: 0 | I36: pref | M36: frame_0_ | O36: frame__2__ | P36: horizontalLayout_0_ | R36: horizontalLayout__2__ | T36: 住所①(都道府県): | U36: False | V36: True | X36: 住所①(都道府県)
A37: 3 | B37: 住所②(市町村・区): | C37: str | D37: label_3_ | E37: lineEdit_3_ | F37: 0 | I37: city-town | M37: frame_1_ | O37: frame__3__ | P37: horizontalLayout_1_ | R37: horizontalLayout__3__ | T37: 住所②(市町村区): | U37: False | V37: True | X37: 住所②(市町村・区)
A38: 4 | B38: 住所③(番地): | C38: str | D38: label_4_ | E38: lineEdit_4_ | F38: 0 | I38: null | M38: frame_1_ | O38: frame__4__ | P38: horizontalLayout_1_ | R38: horizontalLayout__4__ | T38: 住所③(番地): 英数半角 | U38: False | V38: True | X38: 住所③(番地)
A39: 5 | B39: 住所④(建物名・部屋番号): | C39: str | D39: label_5_ | E39: lineEdit_5_ | F39: 0 | I39: null | M39: frame_1_ | O39: frame__5__ | P39: horizontalLayout_1_ | R39: horizontalLayout__5__ | T39: 住所④(建物名): 英数半角 | U39: False | V39: True | X39: 住所④(建物名・部屋番号)
A40: 6 | B40: カナ氏名: | C40: str | D40: label_6_ | E40: lineEdit_6_ | F40: 0 | H40: jp | I40: null | M40: frame_2_ | O40: frame__6__ | P40: horizontalLayout_2_ | R40: horizontalLayout__6__ | T40: カナ氏名: 姓名スペースなし | U40: False | V40: True | X40: カナ氏名 | AA40: True
A41: 7 | B41: 氏名: | C41: str | D41: label_7_ | E41: lineEdit_7_ | F41: 0 | H41: jp | I41: null | M41: frame_2_ | O41: frame__7__ | P41: horizontalLayout_2_ | R41: horizontalLayout__7__ | T41: 氏名: 姓名スペースなし | U41: False | V41: True | X41: 氏名
A42: 8 | B42: 電話番号: | C42: hankaku-kuromaru | D42: label_8_ | E42: lineEdit_8_ | F42: 0 | H42: en | I42: null | J42: han | M42: frame_2_ | O42: frame__8__ | P42: horizontalLayout_2_ | R42: horizontalLayout__8__ | T42: 電話番号: ハイフンあり | U42: False | V42: True | X42: 電話番号
A43: 9 | B43: 年齢: | C43: hankaku-eisu-kuromaru | D43: label_9_ | E43: lineEdit_9_ | F43: 0 | H43: en | I43: null | J43: han | M43: frame_3_ | O43: frame__9__ | P43: horizontalLayout_3_ | R43: horizontalLayout__9__ | T43: 年齢: 半角英数字 | U43: False | V43: True | X43: 年齢
A44: 10 | B44: 性別: | C44: hankaku-eisu-kuromaru | D44: label_10_ | E44: lineEdit_10_ | F44: 0 | H44: en | I44: null | J44: upper | M44: frame_3_ | O44: frame__10__ | P44: horizontalLayout_3_ | R44: horizontalLayout__10__ | T44: 性別:\n男＝M 女＝F その他＝X | U44: False | V44: True | X44: 性別
A45: 11 | B45: 学校欄: | C45: list | D45: label_11_ | E45: lineEdit_11_ | F45: 0 | I45: null | J45: han | M45: frame_3_ | O45: frame__11__ | P45: horizontalLayout_3_ | R45: horizontalLayout__11__ | T45: 学校欄: F10キーで選択 | U45: False | V45: True | W45: ['小学', '中学', '高校', '大学'] | X45: 学校欄 | AA45: True
A46: 12 | B46: 学年: | C46: hankaku-eisu-kuromaru | D46: label_12_ | E46: lineEdit_12_ | F46: 0 | H46: en | I46: null | J46: han | M46: frame_4_ | O46: frame__12__ | P46: horizontalLayout_4_ | R46: horizontalLayout__12__ | T46: 学年: 半角英数字 | U46: False | V46: True | X46: 学年
A47: 13 | B47: 職業: | C47: str | D47: label_13_ | E47: lineEdit_13_ | F47: 0 | H47: jp | I47: null | M47: frame_4_ | O47: frame__13__ | P47: horizontalLayout_4_ | R47: horizontalLayout__13__ | T47: 職業: | U47: False | V47: True | X47: 職業
A48: 14 | B48: 会場(1東京／2大阪): | C48: hankaku-eisu-kuromaru | D48: label_14_ | E48: lineEdit_14_ | F48: 0 | H48: en | I48: null | J48: han | M48: frame_4_ | O48: frame__14__ | P48: horizontalLayout_4_ | R48: horizontalLayout__14__ | T48: 会場(1東京／2大阪): 半角英数字 | U48: False | V48: True | X48: 会場(1東京／2大阪)
A49: 15 | B49: 参加人数: | C49: hankaku-eisu-kuromaru | D49: label_15_ | E49: lineEdit_15_ | F49: 0 | H49: en | I49: null | J49: han | M49: frame_5_ | O49: frame__15__ | P49: horizontalLayout_5_ | R49: horizontalLayout__15__ | T49: 参加人数: 1～5 | U49: False | V49: True | X49: 参加人数
A50: 16 | B50: 当選確率アップ券: | C50: hankaku-eisu-kuromaru | D50: label_16_ | E50: lineEdit_16_ | F50: 0 | H50: en | I50: null | J50: han | M50: frame_5_ | O50: frame__16__ | P50: horizontalLayout_5_ | R50: horizontalLayout__16__ | T50: 当選確率アップ券: \n添付あれば「1」なければ空欄 | U50: False | V50: True | X50: 当選確率アップ券
A51: 17 | B51: チェック: | C51: ischeck_nover | D51: label_17_ | E51: lineEdit_17_ | F51: 1 | H51: en | I51: null | J51: han | M51: frame_5_ | O51: frame__17__ | P51: horizontalLayout_5_ | R51: horizontalLayout__17__ | T51: チェック: 「1」を入力しないと進まない | U51: False | V51: True | X51: チェック | AE51: 1

Sheet ヘッダーリスト
A1: 入力仕様から
A2: {=_xlfn.TEXTJOIN(", ",FALSE,"'"&#REF!&"'")} -> #REF!
